category,order_date,daily_revenue,running_total
Beauty,2024-07-08,7424.25,7424.25
Beauty,2024-07-10,3605.25,11029.5
Beauty,2024-07-11,5060.0,16089.5
Beauty,2024-07-12,6702.2,22791.7
Beauty,2024-07-22,7407.15,30198.85
Beauty,2024-07-23,10614.85,40813.7
Beauty,2024-07-25,13016.0,53829.7
Beauty,2024-07-26,15273.15,69102.85
Beauty,2024-07-27,4678.2,73781.05
Beauty,2024-07-29,3886.0,77667.05
Beauty,2024-08-06,4719.6,82386.65
Beauty,2024-08-08,5829.0,88215.65
Beauty,2024-08-20,6627.45,94843.1
Beauty,2024-08-22,5060.0,99903.1
Beauty,2024-08-27,5757.0,105660.1
Beauty,2024-08-28,7163.0,112823.1
Beauty,2024-09-02,3303.1,116126.2
Beauty,2024-09-06,4954.65,121080.85
Beauty,2024-09-09,12857.0,133937.85
Beauty,2024-09-13,9660.0,143597.85
Beauty,2024-09-14,3225.75,146823.6
Beauty,2024-09-16,14637.2,161460.8
Beauty,2024-09-18,4807.0,166267.8
Beauty,2024-09-20,5198.0,171465.8
Beauty,2024-09-24,7383.4,178849.2
Beauty,2024-09-27,1748.7,180597.9
Beauty,2024-09-29,3454.2,184052.1
Beauty,2024-10-01,8027.4,192079.5
Beauty,2024-10-06,12995.0,205074.5
Beauty,2024-10-07,9444.0,214518.5
Beauty,2024-10-08,2359.8,216878.3
Beauty,2024-10-09,2361.0,219239.3
Beauty,2024-10-10,4485.9,223725.2
Beauty,2024-10-14,4722.0,228447.2
Beauty,2024-10-15,7866.0,236313.2
Beauty,2024-10-20,12909.45,249222.65
Beauty,2024-10-25,8499.6,257722.25
Beauty,2024-10-26,6994.8,264717.05
Beauty,2024-10-31,5198.0,269915.05
Beauty,2024-11-03,5198.0,275113.05
Beauty,2024-11-08,5469.15,280582.2
Beauty,2024-11-12,9356.4,289938.6
Beauty,2024-11-14,4719.6,294658.2
Beauty,2024-11-16,5829.0,300487.2
Beauty,2024-11-17,4722.0,305209.2
Beauty,2024-11-22,12670.7,317879.9
Beauty,2024-11-25,2124.9,320004.8
Beauty,2024-11-27,3605.25,323610.05
Beauty,2024-11-28,5060.0,328670.05
Beauty,2024-12-03,9444.0,338114.05
Beauty,2024-12-09,16768.8,354882.85
Beauty,2024-12-11,5829.0,360711.85
Beauty,2024-12-23,2359.8,363071.65
Beauty,2024-12-24,4418.3,367489.95
Beauty,2025-01-02,5181.3,372671.25
Beauty,2025-01-10,7866.0,380537.25
Beauty,2025-01-19,4938.1,385475.35
Beauty,2025-01-27,4981.8,390457.15
Beauty,2025-01-29,7472.7,397929.85
Beauty,2025-02-01,2599.0,400528.85
Beauty,2025-02-04,9963.6,410492.45
Beauty,2025-02-07,1265.0,411757.45
Beauty,2025-02-08,5103.0,416860.45
Beauty,2025-02-09,5469.15,422329.6
Beauty,2025-02-15,3415.5,425745.1
Beauty,2025-02-17,5244.0,430989.1
Beauty,2025-02-22,1943.0,432932.1
Beauty,2025-03-02,2361.0,435293.1
Beauty,2025-03-07,1943.0,437236.1
Beauty,2025-03-10,7866.0,445102.1
Beauty,2025-03-12,9616.8,454718.9
Beauty,2025-03-22,7189.1,461908.0
Beauty,2025-03-29,2079.2,463987.2
Beauty,2025-03-30,11539.5,475526.7
Beauty,2025-04-07,9963.6,485490.3
Beauty,2025-04-10,11637.0,497127.3
Beauty,2025-04-15,4807.0,501934.3
Beauty,2025-04-19,4663.2,506597.5
Beauty,2025-04-21,2599.0,509196.5
Beauty,2025-04-25,1265.0,510461.5
Beauty,2025-04-30,4678.2,515139.7
Beauty,2025-05-01,3415.5,518555.2
Beauty,2025-05-06,10488.0,529043.2
Beauty,2025-05-07,2359.8,531403.0
Beauty,2025-05-16,4722.0,536125.0
Beauty,2025-05-17,2006.85,538131.85
Beauty,2025-05-23,17120.0,555251.85
Beauty,2025-05-26,1265.0,556516.85
Beauty,2025-06-03,2490.9,559007.75
Beauty,2025-06-08,5060.0,564067.75
Beauty,2025-06-14,7296.95,571364.7
Beauty,2025-06-19,10488.0,581852.7
Beauty,2025-06-21,10037.0,591889.7
Beauty,2025-06-25,7676.0,599565.7
Beauty,2025-06-28,7676.0,607241.7
Beauty,2025-07-03,3887.0,611128.7
Beauty,2025-07-10,7866.0,618994.7
Beauty,2025-07-20,3886.0,622880.7
Beauty,2025-07-23,4981.8,627862.5
Beauty,2025-07-27,2124.9,629987.4
Beauty,2025-07-28,5757.0,635744.4
Beauty,2025-08-06,11930.1,647674.5
Beauty,2025-08-07,14876.4,662550.9
Beauty,2025-08-08,2403.5,664954.4
Beauty,2025-08-21,4719.6,669674.0
Beauty,2025-08-23,3605.25,673279.25
Beauty,2025-08-30,4938.1,678217.35
Beauty,2025-08-31,1919.0,680136.35
Beauty,2025-09-02,4678.2,684814.55
Beauty,2025-09-04,6627.45,691442.0
Beauty,2025-09-11,5246.1,696688.1
Beauty,2025-09-13,7797.0,704485.1
Beauty,2025-09-20,7676.0,712161.1
Beauty,2025-09-23,18888.0,731049.1
Beauty,2025-09-24,4678.2,735727.3
Beauty,2025-09-27,4249.8,739977.1
Beauty,2025-10-04,6292.8,746269.9
Beauty,2025-10-06,1138.5,747408.4
Beauty,2025-10-07,3605.25,751013.65
Beauty,2025-10-11,3838.0,754851.65
Beauty,2025-10-13,5181.3,760032.95
Beauty,2025-10-15,1265.0,761297.95
Beauty,2025-10-28,4541.0,765838.95
Beauty,2025-11-02,4554.0,770392.95
Beauty,2025-11-03,4678.2,775071.15
Beauty,2025-11-08,8316.8,783387.95
Beauty,2025-11-09,2359.8,785747.75
Beauty,2025-11-10,6524.6,792272.35
Beauty,2025-11-16,8836.6,801108.95
Beauty,2025-11-21,3886.0,804994.95
Beauty,2025-11-25,2530.0,807524.95
Beauty,2025-11-30,3415.5,810940.45
Beauty,2025-12-11,9963.6,820904.05
Beauty,2025-12-17,10746.4,831650.45
Beauty,2025-12-23,5757.0,837407.45
Beauty,2025-12-26,4954.65,842362.1
Beauty,2025-12-31,7866.0,850228.1
Beauty,2026-01-12,1943.0,852171.1
Beauty,2026-01-15,3795.0,855966.1
Beauty,2026-01-25,3454.2,859420.3
Beauty,2026-01-27,6020.55,865440.85
Beauty,2026-01-30,3838.0,869278.85
Beauty,2026-02-06,3886.0,873164.85
Beauty,2026-02-08,2339.1,875503.95
Beauty,2026-02-09,7797.0,883300.95
Beauty,2026-02-10,3454.2,886755.15
Beauty,2026-02-11,1138.5,887893.65
Beauty,2026-02-17,5757.0,893650.65
Beauty,2026-02-18,7083.0,900733.65
Beauty,2026-02-19,4893.45,905627.1
Beauty,2026-02-26,20210.1,925837.2
Beauty,2026-03-01,12840.0,938677.2
Beauty,2026-03-05,7383.4,946060.6
Beauty,2026-03-13,2242.95,948303.55
Beauty,2026-03-14,10488.0,958791.55
Beauty,2026-03-17,7407.15,966198.7
Beauty,2026-03-20,3036.0,969234.7
Beauty,2026-04-03,7472.7,976707.4
Beauty,2026-04-06,10396.0,987103.4
Beauty,2026-04-16,4719.6,991823.0
Beauty,2026-04-26,2490.9,994313.9
Beauty,2026-04-30,4722.0,999035.9
Beauty,2026-05-01,3497.4,1002533.3
Beauty,2026-05-03,18389.9,1020923.2
Beauty,2026-05-08,2599.0,1023522.2
Beauty,2026-05-24,9444.0,1032966.2
Beauty,2026-05-25,7292.2,1040258.4
Beauty,2026-05-27,4249.8,1044508.2
Beauty,2026-05-31,4722.0,1049230.2
Beauty,2026-06-04,7866.0,1057096.2
Beauty,2026-06-08,10488.0,1067584.2
Beauty,2026-06-16,4981.8,1072566.0
Beauty,2026-06-18,5829.0,1078395.0
Beauty,2026-06-25,8499.6,1086894.6
Beauty,2026-07-01,2339.1,1089233.7
Beauty,2026-07-03,5181.3,1094415.0
Beauty,2026-07-06,4457.4,1098872.4
Books,2024-07-20,1201.0,1201.0
Books,2024-07-21,836.4,2037.4
Books,2024-08-03,1406.4,3443.8
Books,2024-08-05,4573.05,8016.85
Books,2024-08-11,2890.0,10906.85
Books,2024-08-24,4594.0,15500.85
Books,2024-08-25,2637.0,18137.85
Books,2024-08-26,5780.0,23917.85
Books,2024-09-07,5780.0,29697.85
Books,2024-09-09,879.0,30576.85
Books,2024-09-12,2505.15,33082.0
Books,2024-09-16,5400.6,38482.6
Books,2024-09-18,934.8,39417.4
Books,2024-09-19,8655.4,48072.8
Books,2024-09-21,5528.0,53600.8
Books,2024-09-25,1402.2,55003.0
Books,2024-09-29,2349.4,57352.4
Books,2024-10-02,5251.6,62604.0
Books,2024-10-10,2745.5,65349.5
Books,2024-10-11,467.4,65816.9
Books,2024-10-15,1205.3,67022.2
Books,2024-10-18,2745.5,69767.7
Books,2024-10-20,1771.2,71538.9
Books,2024-10-23,1328.4,72867.3
Books,2024-10-27,3938.7,76806.0
Books,2024-10-29,2745.5,79551.5
Books,2024-11-01,3731.4,83282.9
Books,2024-11-07,4975.2,88258.1
Books,2024-11-11,709.0,88967.1
Books,2024-11-19,4118.25,93085.35
Books,2024-11-24,1418.0,94503.35
Books,2024-11-25,4975.2,99478.55
Books,2024-12-06,2836.0,102314.55
Books,2024-12-08,2836.0,105150.55
Books,2024-12-18,2650.7,107801.25
Books,2024-12-19,3938.7,111739.95
Books,2024-12-27,3516.0,115255.95
Books,2024-12-30,2637.0,117892.95
Books,2024-12-31,638.1,118531.05
Books,2025-01-03,984.0,119515.05
Books,2025-01-06,2552.4,122067.45
Books,2025-01-07,709.0,122776.45
Books,2025-01-10,3164.4,125940.85
Books,2025-01-16,3516.0,129456.85
Books,2025-01-17,1372.75,130829.6
Books,2025-01-22,885.6,131715.2
Books,2025-01-24,5780.0,137495.2
Books,2025-01-25,1914.3,139409.5
Books,2025-02-09,673.55,140083.05
Books,2025-02-13,2127.0,142210.05
Books,2025-02-26,1402.2,143612.25
Books,2025-03-04,3715.0,147327.25
Books,2025-03-06,2127.0,149454.25
Books,2025-03-17,4335.0,153789.25
Books,2025-03-22,2601.0,156390.25
Books,2025-03-24,747.15,157137.4
Books,2025-03-26,5251.6,162389.0
Books,2025-04-10,1758.0,164147.0
Books,2025-04-22,5528.0,169675.0
Books,2025-04-23,2268.8,171943.8
Books,2025-05-09,602.65,172546.45
Books,2025-05-10,6431.95,178978.4
Books,2025-05-12,638.1,179616.5
Books,2025-05-13,4146.0,183762.5
Books,2025-05-14,709.0,184471.5
Books,2025-05-19,1771.2,186242.7
Books,2025-05-23,879.0,187121.7
Books,2025-05-25,2637.0,189758.7
Books,2025-05-27,934.8,190693.5
Books,2025-06-03,1758.0,192451.5
Books,2025-06-06,2505.15,194956.65
Books,2025-06-07,2764.0,197720.65
Books,2025-06-18,1347.1,199067.75
Books,2025-06-22,1914.3,200982.05
Books,2025-07-03,8236.5,209218.55
Books,2025-07-05,1228.25,210446.8
Books,2025-07-09,1347.1,211793.9
Books,2025-07-10,3340.2,215134.1
Books,2025-07-17,1372.75,216506.85
Books,2025-07-25,2552.4,219059.25
Books,2025-07-27,1758.0,220817.25
Books,2025-07-30,1758.0,222575.25
Books,2025-08-05,602.65,223177.9
Books,2025-08-09,2601.0,225778.9
Books,2025-08-18,2020.65,227799.55
Books,2025-09-01,5239.4,233038.95
Books,2025-09-02,3516.0,236554.95
Books,2025-09-05,2694.2,239249.15
Books,2025-09-10,1418.0,240667.15
Books,2025-09-16,4146.0,244813.15
Books,2025-09-20,1968.0,246781.15
Books,2025-09-26,2800.0,249581.15
Books,2025-09-27,4335.0,253916.15
Books,2025-09-28,4975.2,258891.35
Books,2025-10-04,5528.0,264419.35
Books,2025-10-09,673.55,265092.9
Books,2025-10-10,885.6,265978.5
Books,2025-10-13,984.0,266962.5
Books,2025-10-16,2127.0,269089.5
Books,2025-10-20,1672.8,270762.3
Books,2025-10-22,1758.0,272520.3
Books,2025-10-23,4146.0,276666.3
Books,2025-10-29,835.05,277501.35
Books,2025-10-30,1243.8,278745.15
Books,2025-11-12,1771.2,280516.35
Books,2025-11-18,1418.0,281934.35
Books,2025-11-24,3516.0,285450.35
Books,2025-11-25,2694.2,288144.55
Books,2025-12-03,1807.95,289952.5
Books,2025-12-09,5491.0,295443.5
Books,2025-12-15,879.0,296322.5
Books,2026-01-04,1312.9,297635.4
Books,2026-01-07,2890.0,300525.4
Books,2026-01-17,1328.4,301853.8
Books,2026-01-20,8364.0,310217.8
Books,2026-01-29,4698.8,314916.6
Books,2026-02-04,1476.0,316392.6
Books,2026-02-09,2109.6,318502.2
Books,2026-02-10,2373.3,320875.5
Books,2026-02-15,1180.8,322056.3
Books,2026-02-23,2988.6,325044.9
Books,2026-03-01,2836.0,327880.9
Books,2026-03-10,879.0,328759.9
Books,2026-03-11,5780.0,334539.9
Books,2026-03-13,1418.0,335957.9
Books,2026-03-25,791.1,336749.0
Books,2026-04-03,7972.3,344721.3
Books,2026-04-10,709.0,345430.3
Books,2026-04-13,1328.4,346758.7
Books,2026-04-15,5491.0,352249.7
Books,2026-04-17,1418.0,353667.7
Books,2026-04-19,885.6,354553.3
Books,2026-05-03,2121.2,356674.5
Books,2026-05-06,3901.5,360576.0
Books,2026-05-16,1156.0,361732.0
Books,2026-05-18,879.0,362611.0
Books,2026-05-19,1582.2,364193.2
Books,2026-05-26,787.2,364980.4
Books,2026-05-29,4335.0,369315.4
Books,2026-06-15,1347.1,370662.5
Books,2026-06-18,5491.0,376153.5
Books,2026-06-22,1328.4,377481.9
Books,2026-06-23,1328.4,378810.3
Books,2026-06-24,4090.6,382900.9
Books,2026-06-25,709.0,383609.9
Books,2026-07-05,5113.4,388723.3
Electronics,2024-07-08,3206345.8,3206345.8
Electronics,2024-07-09,1939527.75,5145873.55
Electronics,2024-07-10,3714590.65,8860464.2
Electronics,2024-07-11,2036052.9,10896517.1
Electronics,2024-07-12,2393081.0,13289598.1
Electronics,2024-07-13,2368529.85,15658127.95
Electronics,2024-07-14,2751287.2,18409415.15
Electronics,2024-07-15,5018015.55,23427430.7
Electronics,2024-07-16,3959380.95,27386811.65
Electronics,2024-07-17,3099273.1,30486084.75
Electronics,2024-07-18,1208481.95,31694566.7
Electronics,2024-07-19,3821610.2,35516176.9
Electronics,2024-07-20,1820287.8,37336464.7
Electronics,2024-07-21,2493682.25,39830146.95
Electronics,2024-07-22,1868709.7,41698856.65
Electronics,2024-07-23,1362408.0,43061264.65
Electronics,2024-07-24,2191577.9,45252842.55
Electronics,2024-07-25,2335794.1,47588636.65
Electronics,2024-07-26,2259124.35,49847761.0
Electronics,2024-07-27,1054259.35,50902020.35
Electronics,2024-07-28,1213705.6,52115725.95
Electronics,2024-07-29,1663786.15,53779512.1
Electronics,2024-07-30,1873182.65,55652694.75
Electronics,2024-07-31,2994784.35,58647479.1
Electronics,2024-08-01,2519369.55,61166848.65
Electronics,2024-08-02,2606096.1,63772944.75
Electronics,2024-08-03,2265529.0,66038473.75
Electronics,2024-08-04,1239138.85,67277612.6
Electronics,2024-08-05,2400095.65,69677708.25
Electronics,2024-08-06,942018.2,70619726.45
Electronics,2024-08-07,2104337.25,72724063.7
Electronics,2024-08-08,1253136.05,73977199.75
Electronics,2024-08-09,1693645.1,75670844.85
Electronics,2024-08-10,1501648.55,77172493.4
Electronics,2024-08-11,955696.35,78128189.75
Electronics,2024-08-12,1437828.9,79566018.65
Electronics,2024-08-13,3348951.4,82914970.05
Electronics,2024-08-14,2350329.15,85265299.2
Electronics,2024-08-15,2492172.75,87757471.95
Electronics,2024-08-16,2173078.8,89930550.75
Electronics,2024-08-17,1467441.2,91397991.95
Electronics,2024-08-18,1441091.45,92839083.4
Electronics,2024-08-19,1498691.1,94337774.5
Electronics,2024-08-20,2121074.7,96458849.2
Electronics,2024-08-21,1838831.75,98297680.95
Electronics,2024-08-22,1668633.4,99966314.35
Electronics,2024-08-23,2955569.7,102921884.05
Electronics,2024-08-24,2304566.8,105226450.85
Electronics,2024-08-25,1049628.85,106276079.7
Electronics,2024-08-26,470823.15,106746902.85
Electronics,2024-08-27,1839852.85,108586755.7
Electronics,2024-08-28,3084146.9,111670902.6
Electronics,2024-08-29,1087160.3,112758062.9
Electronics,2024-08-30,3073678.05,115831740.95
Electronics,2024-08-31,1647659.35,117479400.3
Electronics,2024-09-01,805866.25,118285266.55
Electronics,2024-09-02,1907112.25,120192378.8
Electronics,2024-09-03,766527.95,120958906.75
Electronics,2024-09-04,1821676.6,122780583.35
Electronics,2024-09-05,1945710.25,124726293.6
Electronics,2024-09-06,1753481.65,126479775.25
Electronics,2024-09-07,1514757.45,127994532.7
Electronics,2024-09-08,1902660.1,129897192.8
Electronics,2024-09-09,2589347.5,132486540.3
Electronics,2024-09-10,1041057.9,133527598.2
Electronics,2024-09-11,1044258.3,134571856.5
Electronics,2024-09-12,1953496.55,136525353.05
Electronics,2024-09-13,2665840.9,139191193.95
Electronics,2024-09-14,1607301.25,140798495.2
Electronics,2024-09-15,3570854.05,144369349.25
Electronics,2024-09-16,3033312.25,147402661.5
Electronics,2024-09-17,1487894.9,148890556.4
Electronics,2024-09-18,2105400.25,150995956.65
Electronics,2024-09-19,1333130.4,152329087.05
Electronics,2024-09-20,1648008.7,153977095.75
Electronics,2024-09-21,1772457.4,155749553.15
Electronics,2024-09-22,1161431.65,156910984.8
Electronics,2024-09-23,1989481.2,158900466.0
Electronics,2024-09-24,2146754.75,161047220.75
Electronics,2024-09-25,1800171.05,162847391.8
Electronics,2024-09-26,815746.1,163663137.9
Electronics,2024-09-27,1325488.7,164988626.6
Electronics,2024-09-28,3959985.7,168948612.3
Electronics,2024-09-29,2184205.1,171132817.4
Electronics,2024-09-30,1024962.7,172157780.1
Electronics,2024-10-01,1581346.15,173739126.25
Electronics,2024-10-02,3329903.65,177069029.9
Electronics,2024-10-03,2314519.2,179383549.1
Electronics,2024-10-04,1439162.2,180822711.3
Electronics,2024-10-05,668423.6,181491134.9
Electronics,2024-10-06,1338792.4,182829927.3
Electronics,2024-10-07,2365215.3,185195142.6
Electronics,2024-10-08,1755089.8,186950232.4
Electronics,2024-10-09,2708444.1,189658676.5
Electronics,2024-10-10,2420037.95,192078714.45
Electronics,2024-10-11,1566409.1,193645123.55
Electronics,2024-10-12,458802.2,194103925.75
Electronics,2024-10-13,3055082.65,197159008.4
Electronics,2024-10-14,1483991.0,198642999.4
Electronics,2024-10-15,2190739.4,200833738.8
Electronics,2024-10-16,1280814.85,202114553.65
Electronics,2024-10-17,822290.0,202936843.65
Electronics,2024-10-18,2844457.15,205781300.8
Electronics,2024-10-19,1055996.3,206837297.1
Electronics,2024-10-20,2349964.5,209187261.6
Electronics,2024-10-21,3252511.75,212439773.35
Electronics,2024-10-22,3808657.6,216248430.95
Electronics,2024-10-23,1799556.75,218047987.7
Electronics,2024-10-24,3059301.7,221107289.4
Electronics,2024-10-25,1117142.25,222224431.65
Electronics,2024-10-26,2571449.8,224795881.45
Electronics,2024-10-27,1163732.4,225959613.85
Electronics,2024-10-28,997087.05,226956700.9
Electronics,2024-10-29,1170142.85,228126843.75
Electronics,2024-10-30,2567218.35,230694062.1
Electronics,2024-10-31,1424426.0,232118488.1
Electronics,2024-11-01,1359175.65,233477663.75
Electronics,2024-11-02,1348764.85,234826428.6
Electronics,2024-11-03,1376773.25,236203201.85
Electronics,2024-11-04,1922026.25,238125228.1
Electronics,2024-11-05,1337464.1,239462692.2
Electronics,2024-11-06,2458243.35,241920935.55
Electronics,2024-11-07,1562900.9,243483836.45
Electronics,2024-11-08,2259371.4,245743207.85
Electronics,2024-11-09,3052376.15,248795584.0
Electronics,2024-11-10,1431018.7,250226602.7
Electronics,2024-11-11,2461009.8,252687612.5
Electronics,2024-11-12,826432.5,253514045.0
Electronics,2024-11-13,1377870.0,254891915.0
Electronics,2024-11-14,3974503.55,258866418.55
Electronics,2024-11-15,1891017.5,260757436.05
Electronics,2024-11-16,3836608.4,264594044.45
Electronics,2024-11-17,3064181.0,267658225.45
Electronics,2024-11-18,3787633.95,271445859.4
Electronics,2024-11-19,2470855.8,273916715.2
Electronics,2024-11-20,2488616.4,276405331.6
Electronics,2024-11-21,1904427.15,278309758.75
Electronics,2024-11-22,1339416.6,279649175.35
Electronics,2024-11-23,2147508.85,281796684.2
Electronics,2024-11-24,2816598.7,284613282.9
Electronics,2024-11-25,4315973.2,288929256.1
Electronics,2024-11-26,2603330.45,291532586.55
Electronics,2024-11-27,2621403.05,294153989.6
Electronics,2024-11-28,1050070.3,295204059.9
Electronics,2024-11-29,3739536.85,298943596.75
Electronics,2024-11-30,916302.35,299859899.1
Electronics,2024-12-01,1691296.75,301551195.85
Electronics,2024-12-02,1848680.05,303399875.9
Electronics,2024-12-03,919825.25,304319701.15
Electronics,2024-12-04,3086308.1,307406009.25
Electronics,2024-12-05,2259779.9,309665789.15
Electronics,2024-12-06,1929456.65,311595245.8
Electronics,2024-12-07,1813628.7,313408874.5
Electronics,2024-12-08,2893716.35,316302590.85
Electronics,2024-12-09,1219489.15,317522080.0
Electronics,2024-12-10,1697216.65,319219296.65
Electronics,2024-12-11,718440.9,319937737.55
Electronics,2024-12-12,1250111.45,321187849.0
Electronics,2024-12-13,1856716.15,323044565.15
Electronics,2024-12-14,1685800.5,324730365.65
Electronics,2024-12-15,2241256.65,326971622.3
Electronics,2024-12-16,2898772.0,329870394.3
Electronics,2024-12-17,860040.4,330730434.7
Electronics,2024-12-18,1766121.95,332496556.65
Electronics,2024-12-19,1343732.95,333840289.6
Electronics,2024-12-20,476785.1,334317074.7
Electronics,2024-12-21,2128441.75,336445516.45
Electronics,2024-12-22,2275430.45,338720946.9
Electronics,2024-12-23,508075.75,339229022.65
Electronics,2024-12-24,3285070.85,342514093.5
Electronics,2024-12-25,1638774.5,344152868.0
Electronics,2024-12-26,1682497.2,345835365.2
Electronics,2024-12-27,2763427.95,348598793.15
Electronics,2024-12-28,2190998.95,350789792.1
Electronics,2024-12-29,1642220.4,352432012.5
Electronics,2024-12-30,2346430.8,354778443.3
Electronics,2024-12-31,1775927.75,356554371.05
Electronics,2025-01-01,1062842.9,357617213.95
Electronics,2025-01-02,1546055.35,359163269.3
Electronics,2025-01-03,1317241.1,360480510.4
Electronics,2025-01-04,2175113.9,362655624.3
Electronics,2025-01-05,3009377.25,365665001.55
Electronics,2025-01-06,2676581.2,368341582.75
Electronics,2025-01-07,1901547.7,370243130.45
Electronics,2025-01-08,886987.7,371130118.15
Electronics,2025-01-09,2116765.6,373246883.75
Electronics,2025-01-10,1829518.3,375076402.05
Electronics,2025-01-11,1428382.0,376504784.05
Electronics,2025-01-12,1771420.5,378276204.55
Electronics,2025-01-13,273274.6,378549479.15
Electronics,2025-01-14,3833686.6,382383165.75
Electronics,2025-01-15,2256721.6,384639887.35
Electronics,2025-01-16,471597.5,385111484.85
Electronics,2025-01-17,2106672.55,387218157.4
Electronics,2025-01-18,985101.45,388203258.85
Electronics,2025-01-19,2269785.05,390473043.9
Electronics,2025-01-20,1517327.3,391990371.2
Electronics,2025-01-21,2322647.0,394313018.2
Electronics,2025-01-22,1323843.1,395636861.3
Electronics,2025-01-23,1971699.0,397608560.3
Electronics,2025-01-24,2996510.8,400605071.1
Electronics,2025-01-25,3701661.15,404306732.25
Electronics,2025-01-26,1539269.2,405846001.45
Electronics,2025-01-27,3482457.2,409328458.65
Electronics,2025-01-28,1709476.95,411037935.6
Electronics,2025-01-29,2166048.5,413203984.1
Electronics,2025-01-30,931387.35,414135371.45
Electronics,2025-01-31,635053.3,414770424.75
Electronics,2025-02-01,2246245.05,417016669.8
Electronics,2025-02-02,3670325.8,420686995.6
Electronics,2025-02-03,2506530.0,423193525.6
Electronics,2025-02-04,1194299.9,424387825.5
Electronics,2025-02-05,1097416.0,425485241.5
Electronics,2025-02-06,1397604.2,426882845.7
Electronics,2025-02-07,3281215.05,430164060.75
Electronics,2025-02-08,2289340.5,432453401.25
Electronics,2025-02-09,1518219.35,433971620.6
Electronics,2025-02-10,1394992.5,435366613.1
Electronics,2025-02-11,596480.1,435963093.2
Electronics,2025-02-12,910353.1,436873446.3
Electronics,2025-02-13,1262611.15,438136057.45
Electronics,2025-02-14,2500385.45,440636442.9
Electronics,2025-02-15,1053457.5,441689900.4
Electronics,2025-02-16,1387823.3,443077723.7
Electronics,2025-02-17,1484159.0,444561882.7
Electronics,2025-02-18,2002188.1,446564070.8
Electronics,2025-02-19,1333364.8,447897435.6
Electronics,2025-02-20,2943575.45,450841011.05
Electronics,2025-02-21,2032683.7,452873694.75
Electronics,2025-02-22,2150672.55,455024367.3
Electronics,2025-02-23,1011890.4,456036257.7
Electronics,2025-02-24,3149443.75,459185701.45
Electronics,2025-02-25,3962384.0,463148085.45
Electronics,2025-02-26,2047593.3,465195678.75
Electronics,2025-02-27,2404590.0,467600268.75
Electronics,2025-02-28,2069010.7,469669279.45
Electronics,2025-03-01,1819669.7,471488949.15
Electronics,2025-03-02,1528652.65,473017601.8
Electronics,2025-03-03,3453176.1,476470777.9
Electronics,2025-03-04,1586749.15,478057527.05
Electronics,2025-03-05,1801385.95,479858913.0
Electronics,2025-03-06,1893955.8,481752868.8
Electronics,2025-03-07,1655431.7,483408300.5
Electronics,2025-03-08,1914878.3,485323178.8
Electronics,2025-03-09,3376302.15,488699480.95
Electronics,2025-03-10,1449060.85,490148541.8
Electronics,2025-03-11,2013383.35,492161925.15
Electronics,2025-03-12,2195725.3,494357650.45
Electronics,2025-03-13,907785.0,495265435.45
Electronics,2025-03-14,3811602.05,499077037.5
Electronics,2025-03-15,313696.9,499390734.4
Electronics,2025-03-16,1561822.7,500952557.1
Electronics,2025-03-17,1836427.7,502788984.8
Electronics,2025-03-18,2637875.0,505426859.8
Electronics,2025-03-19,2472488.65,507899348.45
Electronics,2025-03-20,4150669.75,512050018.2
Electronics,2025-03-21,596090.8,512646109.0
Electronics,2025-03-22,943273.45,513589382.45
Electronics,2025-03-23,1679240.45,515268622.9
Electronics,2025-03-24,2730211.05,517998833.95
Electronics,2025-03-25,872388.7,518871222.65
Electronics,2025-03-26,1475370.8,520346593.45
Electronics,2025-03-27,959023.15,521305616.6
Electronics,2025-03-28,947420.6,522253037.2
Electronics,2025-03-29,1544863.8,523797901.0
Electronics,2025-03-30,2390796.6,526188697.6
Electronics,2025-03-31,1397925.8,527586623.4
Electronics,2025-04-01,3126749.65,530713373.05
Electronics,2025-04-02,1172703.75,531886076.8
Electronics,2025-04-03,1497917.4,533383994.2
Electronics,2025-04-04,2872211.15,536256205.35
Electronics,2025-04-05,1273481.5,537529686.85
Electronics,2025-04-06,1240091.15,538769778.0
Electronics,2025-04-07,1429634.4,540199412.4
Electronics,2025-04-08,1026879.9,541226292.3
Electronics,2025-04-09,1825839.9,543052132.2
Electronics,2025-04-10,2819586.7,545871718.9
Electronics,2025-04-11,1153752.6,547025471.5
Electronics,2025-04-12,1648160.55,548673632.05
Electronics,2025-04-13,546905.15,549220537.2
Electronics,2025-04-14,1053643.3,550274180.5
Electronics,2025-04-15,558160.0,550832340.5
Electronics,2025-04-16,990098.8,551822439.3
Electronics,2025-04-17,688167.4,552510606.7
Electronics,2025-04-18,1592160.65,554102767.35
Electronics,2025-04-19,1160497.8,555263265.15
Electronics,2025-04-20,2248430.3,557511695.45
Electronics,2025-04-21,2284282.65,559795978.1
Electronics,2025-04-22,2705914.65,562501892.75
Electronics,2025-04-23,3615088.8,566116981.55
Electronics,2025-04-24,2893369.15,569010350.7
Electronics,2025-04-25,1290642.7,570300993.4
Electronics,2025-04-26,2507396.55,572808389.95
Electronics,2025-04-27,1305844.2,574114234.15
Electronics,2025-04-28,326666.7,574440900.85
Electronics,2025-04-29,1118250.5,575559151.35
Electronics,2025-04-30,1045682.6,576604833.95
Electronics,2025-05-01,2155905.0,578760738.95
Electronics,2025-05-02,2512169.0,581272907.95
Electronics,2025-05-03,1146043.75,582418951.7
Electronics,2025-05-04,1866447.95,584285399.65
Electronics,2025-05-05,4265698.15,588551097.8
Electronics,2025-05-06,1767749.15,590318846.95
Electronics,2025-05-07,2603730.6,592922577.55
Electronics,2025-05-08,1438721.7,594361299.25
Electronics,2025-05-09,1606807.25,595968106.5
Electronics,2025-05-10,3021661.95,598989768.45
Electronics,2025-05-11,2613730.6,601603499.05
Electronics,2025-05-12,1619601.3,603223100.35
Electronics,2025-05-13,2350735.35,605573835.7
Electronics,2025-05-14,1948023.05,607521858.75
Electronics,2025-05-15,1800592.75,609322451.5
Electronics,2025-05-16,2591317.75,611913769.25
Electronics,2025-05-17,2195784.75,614109554.0
Electronics,2025-05-18,3992152.4,618101706.4
Electronics,2025-05-19,1319320.05,619421026.45
Electronics,2025-05-20,2559140.8,621980167.25
Electronics,2025-05-21,2795715.0,624775882.25
Electronics,2025-05-22,2081635.65,626857517.9
Electronics,2025-05-23,1369659.15,628227177.05
Electronics,2025-05-24,2472232.0,630699409.05
Electronics,2025-05-25,2177851.25,632877260.3
Electronics,2025-05-26,1381930.4,634259190.7
Electronics,2025-05-27,1375188.15,635634378.85
Electronics,2025-05-28,2337896.05,637972274.9
Electronics,2025-05-29,2051269.6,640023544.5
Electronics,2025-05-30,2307177.55,642330722.05
Electronics,2025-05-31,2482600.55,644813322.6
Electronics,2025-06-01,2527942.45,647341265.05
Electronics,2025-06-02,2174766.95,649516032.0
Electronics,2025-06-03,2229308.25,651745340.25
Electronics,2025-06-04,2724694.1,654470034.35
Electronics,2025-06-05,2029525.0,656499559.35
Electronics,2025-06-06,2311883.75,658811443.1
Electronics,2025-06-07,2858885.5,661670328.6
Electronics,2025-06-08,2078123.3,663748451.9
Electronics,2025-06-09,1654517.05,665402968.95
Electronics,2025-06-10,1664519.1,667067488.05
Electronics,2025-06-11,1417406.65,668484894.7
Electronics,2025-06-12,2208867.3,670693762.0
Electronics,2025-06-13,1292242.9,671986004.9
Electronics,2025-06-14,1439157.4,673425162.3
Electronics,2025-06-15,1198025.9,674623188.2
Electronics,2025-06-16,2345393.45,676968581.65
Electronics,2025-06-17,1418016.0,678386597.65
Electronics,2025-06-18,3570461.7,681957059.35
Electronics,2025-06-19,2873169.8,684830229.15
Electronics,2025-06-20,349621.2,685179850.35
Electronics,2025-06-21,3795791.05,688975641.4
Electronics,2025-06-22,1397235.7,690372877.1
Electronics,2025-06-23,1503877.2,691876754.3
Electronics,2025-06-24,806741.8,692683496.1
Electronics,2025-06-25,3060726.0,695744222.1
Electronics,2025-06-26,2011585.35,697755807.45
Electronics,2025-06-27,2477581.95,700233389.4
Electronics,2025-06-28,3000587.25,703233976.65
Electronics,2025-06-29,2630723.45,705864700.1
Electronics,2025-06-30,1163179.45,707027879.55
Electronics,2025-07-01,3241682.85,710269562.4
Electronics,2025-07-02,1799723.05,712069285.45
Electronics,2025-07-03,2796377.85,714865663.3
Electronics,2025-07-04,1533745.75,716399409.05
Electronics,2025-07-05,1641907.75,718041316.8
Electronics,2025-07-06,2926501.5,720967818.3
Electronics,2025-07-07,178757.2,721146575.5
Electronics,2025-07-08,1287065.1,722433640.6
Electronics,2025-07-09,2026249.1,724459889.7
Electronics,2025-07-10,1916956.75,726376846.45
Electronics,2025-07-11,2891683.3,729268529.75
Electronics,2025-07-12,2480192.85,731748722.6
Electronics,2025-07-13,1584837.9,733333560.5
Electronics,2025-07-14,1173644.4,734507204.9
Electronics,2025-07-15,891218.25,735398423.15
Electronics,2025-07-16,2225775.7,737624198.85
Electronics,2025-07-17,2739100.55,740363299.4
Electronics,2025-07-18,932818.25,741296117.65
Electronics,2025-07-19,2682552.45,743978670.1
Electronics,2025-07-20,679990.95,744658661.05
Electronics,2025-07-21,733630.0,745392291.05
Electronics,2025-07-22,652159.65,746044450.7
Electronics,2025-07-23,2381690.1,748426140.8
Electronics,2025-07-24,2194914.85,750621055.65
Electronics,2025-07-25,2585629.6,753206685.25
Electronics,2025-07-26,1276885.0,754483570.25
Electronics,2025-07-27,2894457.0,757378027.25
Electronics,2025-07-28,4191702.5,761569729.75
Electronics,2025-07-29,582071.4,762151801.15
Electronics,2025-07-30,547630.2,762699431.35
Electronics,2025-07-31,1327984.3,764027415.65
Electronics,2025-08-01,1837765.25,765865180.9
Electronics,2025-08-02,851598.2,766716779.1
Electronics,2025-08-03,3245366.2,769962145.3
Electronics,2025-08-04,1954706.7,771916852.0
Electronics,2025-08-05,981569.35,772898421.35
Electronics,2025-08-06,2028902.75,774927324.1
Electronics,2025-08-07,2106665.6,777033989.7
Electronics,2025-08-08,2302738.6,779336728.3
Electronics,2025-08-09,2807683.8,782144412.1
Electronics,2025-08-10,1396762.35,783541174.45
Electronics,2025-08-11,863005.35,784404179.8
Electronics,2025-08-12,2175467.5,786579647.3
Electronics,2025-08-13,2999232.45,789578879.75
Electronics,2025-08-14,1369492.95,790948372.7
Electronics,2025-08-15,1664301.9,792612674.6
Electronics,2025-08-16,1528667.15,794141341.75
Electronics,2025-08-17,1443534.95,795584876.7
Electronics,2025-08-18,1714755.15,797299631.85
Electronics,2025-08-19,1239218.45,798538850.3
Electronics,2025-08-20,131197.2,798670047.5
Electronics,2025-08-21,2532991.9,801203039.4
Electronics,2025-08-22,5585098.5,806788137.9
Electronics,2025-08-23,764622.75,807552760.65
Electronics,2025-08-24,1785203.25,809337963.9
Electronics,2025-08-25,1884012.85,811221976.75
Electronics,2025-08-26,2423667.5,813645644.25
Electronics,2025-08-27,1840536.45,815486180.7
Electronics,2025-08-28,3417214.9,818903395.6
Electronics,2025-08-29,1282544.7,820185940.3
Electronics,2025-08-30,4156407.7,824342348.0
Electronics,2025-08-31,4717224.3,829059572.3
Electronics,2025-09-01,1733846.9,830793419.2
Electronics,2025-09-02,1181585.65,831975004.85
Electronics,2025-09-03,2432554.65,834407559.5
Electronics,2025-09-04,2445155.0,836852714.5
Electronics,2025-09-05,4360880.75,841213595.25
Electronics,2025-09-06,2061490.7,843275085.95
Electronics,2025-09-07,678026.05,843953112.0
Electronics,2025-09-08,2563344.35,846516456.35
Electronics,2025-09-09,1083216.95,847599673.3
Electronics,2025-09-10,3758159.7,851357833.0
Electronics,2025-09-11,2476641.8,853834474.8
Electronics,2025-09-12,1952295.55,855786770.35
Electronics,2025-09-13,2401818.05,858188588.4
Electronics,2025-09-14,1989399.2,860177987.6
Electronics,2025-09-15,748935.9,860926923.5
Electronics,2025-09-16,1527877.5,862454801.0
Electronics,2025-09-17,1755965.3,864210766.3
Electronics,2025-09-18,2485917.75,866696684.05
Electronics,2025-09-19,2312194.5,869008878.55
Electronics,2025-09-20,1452445.05,870461323.6
Electronics,2025-09-21,1350086.5,871811410.1
Electronics,2025-09-22,1538642.65,873350052.75
Electronics,2025-09-23,2217430.95,875567483.7
Electronics,2025-09-24,1950550.05,877518033.75
Electronics,2025-09-25,2282563.95,879800597.7
Electronics,2025-09-26,1702964.55,881503562.25
Electronics,2025-09-27,2131775.9,883635338.15
Electronics,2025-09-28,1631890.05,885267228.2
Electronics,2025-09-29,3308086.9,888575315.1
Electronics,2025-09-30,1416682.0,889991997.1
Electronics,2025-10-01,1845801.1,891837798.2
Electronics,2025-10-02,2738612.7,894576410.9
Electronics,2025-10-03,930314.9,895506725.8
Electronics,2025-10-04,4074335.5,899581061.3
Electronics,2025-10-05,3297879.15,902878940.45
Electronics,2025-10-06,2637159.75,905516100.2
Electronics,2025-10-07,1924555.8,907440656.0
Electronics,2025-10-08,2127260.05,909567916.05
Electronics,2025-10-09,2014645.65,911582561.7
Electronics,2025-10-10,2662071.85,914244633.55
Electronics,2025-10-11,1072137.0,915316770.55
Electronics,2025-10-12,1464438.6,916781209.15
Electronics,2025-10-13,2854325.75,919635534.9
Electronics,2025-10-14,3120457.6,922755992.5
Electronics,2025-10-15,1598755.1,924354747.6
Electronics,2025-10-16,2061173.55,926415921.15
Electronics,2025-10-17,1365265.2,927781186.35
Electronics,2025-10-18,1816505.3,929597691.65
Electronics,2025-10-19,1592893.2,931190584.85
Electronics,2025-10-20,3925790.0,935116374.85
Electronics,2025-10-21,721015.7,935837390.55
Electronics,2025-10-22,1906011.4,937743401.95
Electronics,2025-10-23,2573836.4,940317238.35
Electronics,2025-10-24,1344196.8,941661435.15
Electronics,2025-10-25,2142112.05,943803547.2
Electronics,2025-10-26,1484587.6,945288134.8
Electronics,2025-10-27,1091499.35,946379634.15
Electronics,2025-10-28,1718552.5,948098186.65
Electronics,2025-10-29,1920196.5,950018383.15
Electronics,2025-10-30,3049937.65,953068320.8
Electronics,2025-10-31,2760705.75,955829026.55
Electronics,2025-11-01,2282329.0,958111355.55
Electronics,2025-11-02,698575.2,958809930.75
Electronics,2025-11-03,2028557.05,960838487.8
Electronics,2025-11-04,1983834.95,962822322.75
Electronics,2025-11-05,2158325.5,964980648.25
Electronics,2025-11-06,1729881.9,966710530.15
Electronics,2025-11-07,1725961.95,968436492.1
Electronics,2025-11-08,1744510.05,970181002.15
Electronics,2025-11-09,1085025.9,971266028.05
Electronics,2025-11-10,752705.05,972018733.1
Electronics,2025-11-11,307475.0,972326208.1
Electronics,2025-11-12,2544442.85,974870650.95
Electronics,2025-11-13,1668099.35,976538750.3
Electronics,2025-11-14,2080322.1,978619072.4
Electronics,2025-11-15,390327.8,979009400.2
Electronics,2025-11-16,2528533.65,981537933.85
Electronics,2025-11-17,1870054.5,983407988.35
Electronics,2025-11-18,3315676.9,986723665.25
Electronics,2025-11-19,1674679.45,988398344.7
Electronics,2025-11-20,1350101.1,989748445.8
Electronics,2025-11-21,1263899.15,991012344.95
Electronics,2025-11-22,1268123.75,992280468.7
Electronics,2025-11-23,1087000.4,993367469.1
Electronics,2025-11-24,1409056.45,994776525.55
Electronics,2025-11-25,1455624.1,996232149.65
Electronics,2025-11-26,4304389.2,1000536538.85
Electronics,2025-11-27,453279.65,1000989818.5
Electronics,2025-11-28,1842408.65,1002832227.15
Electronics,2025-11-29,941444.35,1003773671.5
Electronics,2025-11-30,2135602.5,1005909274.0
Electronics,2025-12-01,1647837.85,1007557111.85
Electronics,2025-12-02,1900989.3,1009458101.15
Electronics,2025-12-03,993302.8,1010451403.95
Electronics,2025-12-04,1240816.6,1011692220.55
Electronics,2025-12-05,1622694.6,1013314915.15
Electronics,2025-12-06,2515256.65,1015830171.8
Electronics,2025-12-07,1774746.45,1017604918.25
Electronics,2025-12-08,1875863.4,1019480781.65
Electronics,2025-12-09,2248945.75,1021729727.4
Electronics,2025-12-10,673937.25,1022403664.65
Electronics,2025-12-11,1208073.4,1023611738.05
Electronics,2025-12-12,1504530.6,1025116268.65
Electronics,2025-12-13,2338742.9,1027455011.55
Electronics,2025-12-14,618227.2,1028073238.75
Electronics,2025-12-15,1101334.8,1029174573.55
Electronics,2025-12-16,373401.55,1029547975.1
Electronics,2025-12-17,2684887.15,1032232862.25
Electronics,2025-12-18,461944.7,1032694806.95
Electronics,2025-12-19,636373.8,1033331180.75
Electronics,2025-12-20,1750574.1,1035081754.85
Electronics,2025-12-21,560913.9,1035642668.75
Electronics,2025-12-22,1895589.1,1037538257.85
Electronics,2025-12-23,1312417.7,1038850675.55
Electronics,2025-12-24,1980082.45,1040830758.0
Electronics,2025-12-25,953762.3,1041784520.3
Electronics,2025-12-26,2951959.75,1044736480.05
Electronics,2025-12-27,1310403.85,1046046883.9
Electronics,2025-12-28,1715151.5,1047762035.4
Electronics,2025-12-29,3160894.55,1050922929.95
Electronics,2025-12-30,791437.35,1051714367.3
Electronics,2025-12-31,2836576.15,1054550943.45
Electronics,2026-01-01,1819640.7,1056370584.15
Electronics,2026-01-02,1175410.4,1057545994.55
Electronics,2026-01-03,1929035.85,1059475030.4
Electronics,2026-01-04,1447439.7,1060922470.1
Electronics,2026-01-05,1556650.8,1062479120.9
Electronics,2026-01-06,2364191.05,1064843311.95
Electronics,2026-01-07,3362768.75,1068206080.7
Electronics,2026-01-08,1030925.95,1069237006.65
Electronics,2026-01-09,1202441.55,1070439448.2
Electronics,2026-01-10,1254937.55,1071694385.75
Electronics,2026-01-11,958890.05,1072653275.8
Electronics,2026-01-12,1818449.25,1074471725.05
Electronics,2026-01-13,2032306.65,1076504031.7
Electronics,2026-01-14,2024058.6,1078528090.3
Electronics,2026-01-15,2362328.7,1080890419.0
Electronics,2026-01-16,2317766.2,1083208185.2
Electronics,2026-01-17,472488.4,1083680673.6
Electronics,2026-01-18,1778831.65,1085459505.25
Electronics,2026-01-19,2765386.85,1088224892.1
Electronics,2026-01-20,2466563.5,1090691455.6
Electronics,2026-01-21,1805431.35,1092496886.95
Electronics,2026-01-22,1918005.1,1094414892.05
Electronics,2026-01-23,1658982.45,1096073874.5
Electronics,2026-01-24,1086605.1,1097160479.6
Electronics,2026-01-25,1066217.2,1098226696.8
Electronics,2026-01-26,995131.3,1099221828.1
Electronics,2026-01-27,2707166.15,1101928994.25
Electronics,2026-01-28,354570.5,1102283564.75
Electronics,2026-01-29,1878654.0,1104162218.75
Electronics,2026-01-30,2634256.6,1106796475.35
Electronics,2026-01-31,2318967.15,1109115442.5
Electronics,2026-02-01,2883976.95,1111999419.45
Electronics,2026-02-02,422179.2,1112421598.65
Electronics,2026-02-03,1100005.0,1113521603.65
Electronics,2026-02-04,5096019.6,1118617623.25
Electronics,2026-02-05,1647672.45,1120265295.7
Electronics,2026-02-06,2424953.0,1122690248.7
Electronics,2026-02-07,998971.4,1123689220.1
Electronics,2026-02-08,917920.65,1124607140.75
Electronics,2026-02-09,3087464.35,1127694605.1
Electronics,2026-02-10,1232000.55,1128926605.65
Electronics,2026-02-11,1946791.2,1130873396.85
Electronics,2026-02-12,2147654.05,1133021050.9
Electronics,2026-02-13,1627980.95,1134649031.85
Electronics,2026-02-14,2361592.6,1137010624.45
Electronics,2026-02-15,1610807.05,1138621431.5
Electronics,2026-02-16,3630748.15,1142252179.65
Electronics,2026-02-17,1615167.4,1143867347.05
Electronics,2026-02-18,2728135.0,1146595482.05
Electronics,2026-02-19,3092141.3,1149687623.35
Electronics,2026-02-20,1471094.4,1151158717.75
Electronics,2026-02-21,3173173.55,1154331891.3
Electronics,2026-02-22,3094249.0,1157426140.3
Electronics,2026-02-23,2522589.3,1159948729.6
Electronics,2026-02-24,1148420.8,1161097150.4
Electronics,2026-02-25,1443591.8,1162540742.2
Electronics,2026-02-26,2050718.0,1164591460.2
Electronics,2026-02-27,4198055.6,1168789515.8
Electronics,2026-02-28,1129347.05,1169918862.85
Electronics,2026-03-01,1780057.05,1171698919.9
Electronics,2026-03-02,2170414.25,1173869334.15
Electronics,2026-03-03,1423609.95,1175292944.1
Electronics,2026-03-04,1813896.2,1177106840.3
Electronics,2026-03-05,3994370.6,1181101210.9
Electronics,2026-03-06,2119807.5,1183221018.4
Electronics,2026-03-07,1452032.3,1184673050.7
Electronics,2026-03-08,994822.0,1185667872.7
Electronics,2026-03-09,959229.95,1186627102.65
Electronics,2026-03-10,3824032.95,1190451135.6
Electronics,2026-03-11,1969389.75,1192420525.35
Electronics,2026-03-12,2477810.5,1194898335.85
Electronics,2026-03-13,2125722.0,1197024057.85
Electronics,2026-03-14,1331308.6,1198355366.45
Electronics,2026-03-15,2165081.5,1200520447.95
Electronics,2026-03-16,2111036.45,1202631484.4
Electronics,2026-03-17,2583879.2,1205215363.6
Electronics,2026-03-18,1778509.8,1206993873.4
Electronics,2026-03-19,1357104.75,1208350978.15
Electronics,2026-03-20,1609813.2,1209960791.35
Electronics,2026-03-21,790897.45,1210751688.8
Electronics,2026-03-22,785535.85,1211537224.65
Electronics,2026-03-23,1689609.6,1213226834.25
Electronics,2026-03-24,2191640.45,1215418474.7
Electronics,2026-03-25,1797111.5,1217215586.2
Electronics,2026-03-26,2534631.85,1219750218.05
Electronics,2026-03-27,3436239.9,1223186457.95
Electronics,2026-03-28,2261412.75,1225447870.7
Electronics,2026-03-29,467067.0,1225914937.7
Electronics,2026-03-30,1925917.05,1227840854.75
Electronics,2026-03-31,1411109.6,1229251964.35
Electronics,2026-04-01,1318685.4,1230570649.75
Electronics,2026-04-02,1804163.0,1232374812.75
Electronics,2026-04-03,2529021.45,1234903834.2
Electronics,2026-04-04,2861238.55,1237765072.75
Electronics,2026-04-05,311426.7,1238076499.45
Electronics,2026-04-06,2800463.95,1240876963.4
Electronics,2026-04-07,1044991.8,1241921955.2
Electronics,2026-04-08,3118329.0,1245040284.2
Electronics,2026-04-09,1212756.45,1246253040.65
Electronics,2026-04-10,1810140.6,1248063181.25
Electronics,2026-04-11,1256919.15,1249320100.4
Electronics,2026-04-12,2036969.7,1251357070.1
Electronics,2026-04-13,1866810.05,1253223880.15
Electronics,2026-04-14,3315050.05,1256538930.2
Electronics,2026-04-15,1680409.35,1258219339.55
Electronics,2026-04-16,3106060.65,1261325400.2
Electronics,2026-04-17,2080873.6,1263406273.8
Electronics,2026-04-18,2231824.0,1265638097.8
Electronics,2026-04-19,1870483.3,1267508581.1
Electronics,2026-04-20,3809910.95,1271318492.05
Electronics,2026-04-21,2317786.0,1273636278.05
Electronics,2026-04-22,1891167.25,1275527445.3
Electronics,2026-04-23,1698009.05,1277225454.35
Electronics,2026-04-24,2675208.6,1279900662.95
Electronics,2026-04-25,2009805.15,1281910468.1
Electronics,2026-04-26,3007961.35,1284918429.45
Electronics,2026-04-27,2570289.3,1287488718.75
Electronics,2026-04-28,875883.35,1288364602.1
Electronics,2026-04-29,2417485.55,1290782087.65
Electronics,2026-04-30,2107001.6,1292889089.25
Electronics,2026-05-01,3126184.0,1296015273.25
Electronics,2026-05-02,964763.15,1296980036.4
Electronics,2026-05-03,4221219.4,1301201255.8
Electronics,2026-05-04,2366264.3,1303567520.1
Electronics,2026-05-05,2493311.15,1306060831.25
Electronics,2026-05-06,2862886.9,1308923718.15
Electronics,2026-05-07,1730350.15,1310654068.3
Electronics,2026-05-08,1599939.2,1312254007.5
Electronics,2026-05-09,3122512.85,1315376520.35
Electronics,2026-05-10,1178166.35,1316554686.7
Electronics,2026-05-11,2964090.6,1319518777.3
Electronics,2026-05-12,2284214.35,1321802991.65
Electronics,2026-05-13,794130.55,1322597122.2
Electronics,2026-05-14,1658412.05,1324255534.25
Electronics,2026-05-15,1176705.1,1325432239.35
Electronics,2026-05-16,1814772.25,1327247011.6
Electronics,2026-05-17,1868220.1,1329115231.7
Electronics,2026-05-18,2782580.85,1331897812.55
Electronics,2026-05-19,397458.05,1332295270.6
Electronics,2026-05-20,1996062.6,1334291333.2
Electronics,2026-05-21,2750520.0,1337041853.2
Electronics,2026-05-22,1313043.85,1338354897.05
Electronics,2026-05-23,2788512.5,1341143409.55
Electronics,2026-05-24,2413878.05,1343557287.6
Electronics,2026-05-25,2997160.95,1346554448.55
Electronics,2026-05-26,2630879.45,1349185328.0
Electronics,2026-05-27,1197533.6,1350382861.6
Electronics,2026-05-28,3349759.95,1353732621.55
Electronics,2026-05-29,875438.15,1354608059.7
Electronics,2026-05-30,3356495.75,1357964555.45
Electronics,2026-05-31,1345366.4,1359309921.85
Electronics,2026-06-01,2567842.15,1361877764.0
Electronics,2026-06-02,3411676.0,1365289440.0
Electronics,2026-06-03,1475828.2,1366765268.2
Electronics,2026-06-04,955799.6,1367721067.8
Electronics,2026-06-05,1125772.4,1368846840.2
Electronics,2026-06-06,1982589.4,1370829429.6
Electronics,2026-06-07,2328695.9,1373158125.5
Electronics,2026-06-08,1576555.05,1374734680.55
Electronics,2026-06-09,1538498.2,1376273178.75
Electronics,2026-06-10,2853175.7,1379126354.45
Electronics,2026-06-11,2329687.55,1381456042.0
Electronics,2026-06-12,1665418.15,1383121460.15
Electronics,2026-06-13,949773.7,1384071233.85
Electronics,2026-06-14,733941.75,1384805175.6
Electronics,2026-06-15,2646389.2,1387451564.8
Electronics,2026-06-16,1932409.25,1389383974.05
Electronics,2026-06-17,2744093.1,1392128067.15
Electronics,2026-06-18,2979146.65,1395107213.8
Electronics,2026-06-19,2378271.6,1397485485.4
Electronics,2026-06-20,1657617.1,1399143102.5
Electronics,2026-06-21,2192528.3,1401335630.8
Electronics,2026-06-22,350308.0,1401685938.8
Electronics,2026-06-23,3308844.85,1404994783.65
Electronics,2026-06-24,4915919.85,1409910703.5
Electronics,2026-06-25,1689164.9,1411599868.4
Electronics,2026-06-26,1243893.25,1412843761.65
Electronics,2026-06-27,2499236.4,1415342998.05
Electronics,2026-06-28,1282490.5,1416625488.55
Electronics,2026-06-29,211641.6,1416837130.15
Electronics,2026-06-30,2658858.5,1419495988.65
Electronics,2026-07-01,1661984.35,1421157973.0
Electronics,2026-07-02,2327552.5,1423485525.5
Electronics,2026-07-03,650667.65,1424136193.15
Electronics,2026-07-04,1036853.2,1425173046.35
Electronics,2026-07-05,1199796.95,1426372843.3
Electronics,2026-07-06,1644537.55,1428017380.85
Electronics,2026-07-07,2796224.15,1430813605.0
Electronics,2026-07-08,2707659.15,1433521264.15
Electronics,2026-07-09,3186925.4,1436708189.55
Fashion,2024-07-08,27646.4,27646.4
Fashion,2024-07-09,17091.9,44738.3
Fashion,2024-07-10,29799.1,74537.4
Fashion,2024-07-11,17860.35,92397.75
Fashion,2024-07-12,52250.6,144648.35
Fashion,2024-07-13,15193.2,159841.55
Fashion,2024-07-14,31646.55,191488.1
Fashion,2024-07-15,72166.15,263654.25
Fashion,2024-07-17,26601.8,290256.05
Fashion,2024-07-18,7232.0,297488.05
Fashion,2024-07-19,21376.5,318864.55
Fashion,2024-07-20,20562.0,339426.55
Fashion,2024-07-21,7900.2,347326.75
Fashion,2024-07-22,35523.0,382849.75
Fashion,2024-07-23,13824.0,396673.75
Fashion,2024-07-24,4424.0,401097.75
Fashion,2024-07-25,12820.0,413917.75
Fashion,2024-07-26,17529.4,431447.15
Fashion,2024-07-27,4588.8,436035.95
Fashion,2024-07-29,3773.0,439808.95
Fashion,2024-07-30,6748.0,446556.95
Fashion,2024-07-31,14035.2,460592.15
Fashion,2024-08-01,21184.3,481776.45
Fashion,2024-08-02,19879.0,501655.45
Fashion,2024-08-03,59991.0,561646.45
Fashion,2024-08-04,38662.2,600308.65
Fashion,2024-08-05,6462.4,606771.05
Fashion,2024-08-06,20440.0,627211.05
Fashion,2024-08-07,29126.85,656337.9
Fashion,2024-08-08,5836.8,662174.7
Fashion,2024-08-09,22206.0,684380.7
Fashion,2024-08-10,49543.2,733923.9
Fashion,2024-08-11,3564.0,737487.9
Fashion,2024-08-13,8420.7,745908.6
Fashion,2024-08-14,1607.4,747516.0
Fashion,2024-08-15,1518.1,749034.1
Fashion,2024-08-16,4622.4,753656.5
Fashion,2024-08-17,23681.2,777337.7
Fashion,2024-08-18,10961.1,788298.8
Fashion,2024-08-21,49431.0,837729.8
Fashion,2024-08-22,33146.0,870875.8
Fashion,2024-08-23,48361.35,919237.15
Fashion,2024-08-24,22575.7,941812.85
Fashion,2024-08-25,15198.8,957011.65
Fashion,2024-08-26,6147.0,963158.65
Fashion,2024-08-27,10654.65,973813.3
Fashion,2024-08-29,14464.0,988277.3
Fashion,2024-08-30,25339.7,1013617.0
Fashion,2024-08-31,18298.3,1031915.3
Fashion,2024-09-02,1206.0,1033121.3
Fashion,2024-09-04,11334.55,1044455.85
Fashion,2024-09-05,25613.4,1070069.25
Fashion,2024-09-06,53262.0,1123331.25
Fashion,2024-09-07,7537.2,1130868.45
Fashion,2024-09-08,28962.8,1159831.25
Fashion,2024-09-09,35682.6,1195513.85
Fashion,2024-09-10,13595.4,1209109.25
Fashion,2024-09-12,31148.0,1240257.25
Fashion,2024-09-13,1470.0,1241727.25
Fashion,2024-09-14,1434.0,1243161.25
Fashion,2024-09-15,20440.0,1263601.25
Fashion,2024-09-16,64007.1,1327608.35
Fashion,2024-09-18,28337.4,1355945.75
Fashion,2024-09-20,12920.0,1368865.75
Fashion,2024-09-21,5078.7,1373944.45
Fashion,2024-09-22,53214.35,1427158.8
Fashion,2024-09-23,5360.0,1432518.8
Fashion,2024-09-24,23317.2,1455836.0
Fashion,2024-09-26,21976.0,1477812.0
Fashion,2024-09-27,26766.2,1504578.2
Fashion,2024-09-28,9948.4,1514526.6
Fashion,2024-09-29,38301.2,1552827.8
Fashion,2024-10-01,6968.0,1559795.8
Fashion,2024-10-02,3591.0,1563386.8
Fashion,2024-10-03,2976.0,1566362.8
Fashion,2024-10-04,8714.6,1575077.4
Fashion,2024-10-05,3488.0,1578565.4
Fashion,2024-10-07,26613.4,1605178.8
Fashion,2024-10-08,22870.4,1628049.2
Fashion,2024-10-09,26353.9,1654403.1
Fashion,2024-10-10,26655.9,1681059.0
Fashion,2024-10-12,7992.0,1689051.0
Fashion,2024-10-13,19148.0,1708199.0
Fashion,2024-10-14,16866.5,1725065.5
Fashion,2024-10-15,4824.0,1729889.5
Fashion,2024-10-16,1197.0,1731086.5
Fashion,2024-10-17,3313.6,1734400.1
Fashion,2024-10-18,3283.2,1737683.3
Fashion,2024-10-19,15578.1,1753261.4
Fashion,2024-10-20,70663.2,1823924.6
Fashion,2024-10-21,23313.3,1847237.9
Fashion,2024-10-22,14914.4,1862152.3
Fashion,2024-10-23,4669.9,1866822.2
Fashion,2024-10-24,42939.5,1909761.7
Fashion,2024-10-25,4424.0,1914185.7
Fashion,2024-10-26,33721.2,1947906.9
Fashion,2024-10-27,13358.3,1961265.2
Fashion,2024-10-28,19819.6,1981084.8
Fashion,2024-10-30,20753.0,2001837.8
Fashion,2024-10-31,50747.75,2052585.55
Fashion,2024-11-01,6619.6,2059205.15
Fashion,2024-11-03,34544.8,2093749.95
Fashion,2024-11-04,3072.0,2096821.95
Fashion,2024-11-06,7318.8,2104140.75
Fashion,2024-11-07,39583.8,2143724.55
Fashion,2024-11-08,16105.6,2159830.15
Fashion,2024-11-09,2412.0,2162242.15
Fashion,2024-11-10,24807.8,2187049.95
Fashion,2024-11-11,21856.7,2208906.65
Fashion,2024-11-13,46818.45,2255725.1
Fashion,2024-11-14,31445.0,2287170.1
Fashion,2024-11-15,11091.6,2298261.7
Fashion,2024-11-16,8684.1,2306945.8
Fashion,2024-11-17,28181.95,2335127.75
Fashion,2024-11-18,28342.0,2363469.75
Fashion,2024-11-19,6150.3,2369620.05
Fashion,2024-11-21,36398.4,2406018.45
Fashion,2024-11-22,6983.6,2413002.05
Fashion,2024-11-23,18873.0,2431875.05
Fashion,2024-11-24,28899.2,2460774.25
Fashion,2024-11-25,2976.7,2463750.95
Fashion,2024-11-26,26211.1,2489962.05
Fashion,2024-11-27,47022.2,2536984.25
Fashion,2024-11-28,35236.4,2572220.65
Fashion,2024-11-29,8979.15,2581199.8
Fashion,2024-11-30,5838.95,2587038.75
Fashion,2024-12-01,44860.4,2631899.15
Fashion,2024-12-03,6933.6,2638832.75
Fashion,2024-12-04,64227.1,2703059.85
Fashion,2024-12-05,5427.0,2708486.85
Fashion,2024-12-06,3572.1,2712058.95
Fashion,2024-12-07,67355.6,2779414.55
Fashion,2024-12-08,15325.4,2794739.95
Fashion,2024-12-12,3036.2,2797776.15
Fashion,2024-12-13,15164.85,2812941.0
Fashion,2024-12-14,20877.2,2833818.2
Fashion,2024-12-15,18054.8,2851873.0
Fashion,2024-12-16,11540.0,2863413.0
Fashion,2024-12-17,11704.0,2875117.0
Fashion,2024-12-18,11585.45,2886702.45
Fashion,2024-12-19,27213.4,2913915.85
Fashion,2024-12-21,3591.0,2917506.85
Fashion,2024-12-22,46176.85,2963683.7
Fashion,2024-12-23,3488.0,2967171.7
Fashion,2024-12-24,58724.3,3025896.0
Fashion,2024-12-25,17657.6,3043553.6
Fashion,2024-12-27,41181.8,3084735.4
Fashion,2024-12-28,25374.6,3110110.0
Fashion,2024-12-29,14740.0,3124850.0
Fashion,2024-12-30,12491.5,3137341.5
Fashion,2024-12-31,72686.5,3210028.0
Fashion,2025-01-01,20808.0,3230836.0
Fashion,2025-01-02,11105.6,3241941.6
Fashion,2025-01-04,3846.0,3245787.6
Fashion,2025-01-05,39975.0,3285762.6
Fashion,2025-01-06,35110.0,3320872.6
Fashion,2025-01-07,33232.55,3354105.15
Fashion,2025-01-08,30666.0,3384771.15
Fashion,2025-01-09,1190.7,3385961.85
Fashion,2025-01-11,15963.0,3401924.85
Fashion,2025-01-12,24278.5,3426203.35
Fashion,2025-01-14,18560.4,3444763.75
Fashion,2025-01-15,59162.4,3503926.15
Fashion,2025-01-16,19026.0,3522952.15
Fashion,2025-01-17,12524.0,3535476.15
Fashion,2025-01-18,6742.0,3542218.15
Fashion,2025-01-19,8836.5,3551054.65
Fashion,2025-01-20,25522.2,3576576.85
Fashion,2025-01-21,1782.0,3578358.85
Fashion,2025-01-22,14464.0,3592822.85
Fashion,2025-01-23,15959.4,3608782.25
Fashion,2025-01-25,14702.0,3623484.25
Fashion,2025-01-26,9637.9,3633122.15
Fashion,2025-01-27,5226.0,3638348.15
Fashion,2025-01-28,5321.0,3643669.15
Fashion,2025-01-30,16851.0,3660520.15
Fashion,2025-01-31,8950.5,3669470.65
Fashion,2025-02-01,11327.4,3680798.05
Fashion,2025-02-02,12566.0,3693364.05
Fashion,2025-02-03,50140.4,3743504.45
Fashion,2025-02-04,14360.0,3757864.45
Fashion,2025-02-05,44049.4,3801913.85
Fashion,2025-02-07,18194.4,3820108.25
Fashion,2025-02-08,33287.1,3853395.35
Fashion,2025-02-09,10803.6,3864198.95
Fashion,2025-02-10,15082.85,3879281.8
Fashion,2025-02-12,13463.2,3892745.0
Fashion,2025-02-13,19794.6,3912539.6
Fashion,2025-02-14,5092.0,3917631.6
Fashion,2025-02-16,20104.2,3937735.8
Fashion,2025-02-17,18391.8,3956127.6
Fashion,2025-02-18,2010.0,3958137.6
Fashion,2025-02-19,15099.0,3973236.6
Fashion,2025-02-20,31238.55,4004475.15
Fashion,2025-02-21,9562.7,4014037.85
Fashion,2025-02-22,1206.0,4015243.85
Fashion,2025-02-24,25200.0,4040443.85
Fashion,2025-02-25,16933.05,4057376.9
Fashion,2025-02-27,30464.2,4087841.1
Fashion,2025-02-28,14366.7,4102207.8
Fashion,2025-03-02,3653.7,4105861.5
Fashion,2025-03-03,18726.5,4124588.0
Fashion,2025-03-06,34615.2,4159203.2
Fashion,2025-03-07,33205.0,4192408.2
Fashion,2025-03-08,24804.0,4217212.2
Fashion,2025-03-10,41378.15,4258590.35
Fashion,2025-03-11,23940.0,4282530.35
Fashion,2025-03-12,26992.0,4309522.35
Fashion,2025-03-13,5281.05,4314803.4
Fashion,2025-03-14,45855.6,4360659.0
Fashion,2025-03-17,6300.0,4366959.0
Fashion,2025-03-18,18014.0,4384973.0
Fashion,2025-03-19,12113.2,4397086.2
Fashion,2025-03-20,3152.1,4400238.3
Fashion,2025-03-21,19389.65,4419627.95
Fashion,2025-03-23,26178.85,4445806.8
Fashion,2025-03-26,22529.45,4468336.25
Fashion,2025-03-29,15484.2,4483820.45
Fashion,2025-04-01,19279.8,4503100.25
Fashion,2025-04-03,43589.4,4546689.65
Fashion,2025-04-06,5643.95,4552333.6
Fashion,2025-04-07,32052.4,4584386.0
Fashion,2025-04-08,16101.9,4600487.9
Fashion,2025-04-10,3025.6,4603513.5
Fashion,2025-04-11,13824.0,4617337.5
Fashion,2025-04-12,27398.4,4644735.9
Fashion,2025-04-13,20877.2,4665613.1
Fashion,2025-04-14,10642.0,4676255.1
Fashion,2025-04-15,14682.6,4690937.7
Fashion,2025-04-16,13132.1,4704069.8
Fashion,2025-04-17,22337.4,4726407.2
Fashion,2025-04-18,11248.0,4737655.2
Fashion,2025-04-19,45659.85,4783315.05
Fashion,2025-04-21,22883.4,4806198.45
Fashion,2025-04-22,14776.0,4820974.45
Fashion,2025-04-23,5334.0,4826308.45
Fashion,2025-04-24,15239.9,4841548.35
Fashion,2025-04-25,12979.65,4854528.0
Fashion,2025-04-26,21615.7,4876143.7
Fashion,2025-04-27,13589.1,4889732.8
Fashion,2025-04-29,5836.8,4895569.6
Fashion,2025-04-30,40978.1,4936547.7
Fashion,2025-05-01,8255.5,4944803.2
Fashion,2025-05-02,7232.0,4952035.2
Fashion,2025-05-06,1077.3,4953112.5
Fashion,2025-05-07,19819.2,4972931.7
Fashion,2025-05-09,4007.0,4976938.7
Fashion,2025-05-11,30502.35,5007441.05
Fashion,2025-05-12,4020.0,5011461.05
Fashion,2025-05-13,22073.7,5033534.75
Fashion,2025-05-14,48024.45,5081559.2
Fashion,2025-05-15,42194.7,5123753.9
Fashion,2025-05-16,20636.0,5144389.9
Fashion,2025-05-17,39393.8,5183783.7
Fashion,2025-05-18,29745.0,5213528.7
Fashion,2025-05-19,73331.5,5286860.2
Fashion,2025-05-22,5321.0,5292181.2
Fashion,2025-05-23,56242.45,5348423.65
Fashion,2025-05-25,40700.0,5389123.65
Fashion,2025-05-26,9638.6,5398762.25
Fashion,2025-05-27,3616.0,5402378.25
Fashion,2025-05-28,6596.8,5408975.05
Fashion,2025-05-29,44448.3,5453423.35
Fashion,2025-05-30,10848.0,5464271.35
Fashion,2025-05-31,56270.2,5520541.55
Fashion,2025-06-01,1137.15,5521678.7
Fashion,2025-06-02,34056.25,5555734.95
Fashion,2025-06-03,5852.0,5561586.95
Fashion,2025-06-04,32360.25,5593947.2
Fashion,2025-06-05,44532.45,5638479.65
Fashion,2025-06-06,10588.6,5649068.25
Fashion,2025-06-07,19156.35,5668224.6
Fashion,2025-06-08,18433.7,5686658.3
Fashion,2025-06-09,18472.9,5705131.2
Fashion,2025-06-11,11904.0,5717035.2
Fashion,2025-06-12,15384.0,5732419.2
Fashion,2025-06-13,24048.8,5756468.0
Fashion,2025-06-14,8778.0,5765246.0
Fashion,2025-06-16,6807.6,5772053.6
Fashion,2025-06-17,26385.2,5798438.8
Fashion,2025-06-18,18077.55,5816516.35
Fashion,2025-06-19,21836.8,5838353.15
Fashion,2025-06-21,37084.0,5875437.15
Fashion,2025-06-22,10475.4,5885912.55
Fashion,2025-06-23,27238.0,5913150.55
Fashion,2025-06-24,20244.0,5933394.55
Fashion,2025-06-25,29543.0,5962937.55
Fashion,2025-06-27,11707.8,5974645.35
Fashion,2025-06-28,1730.7,5976376.05
Fashion,2025-06-29,10642.0,5987018.05
Fashion,2025-06-30,33466.0,6020484.05
Fashion,2025-07-01,38631.2,6059115.25
Fashion,2025-07-02,17780.4,6076895.65
Fashion,2025-07-03,51123.8,6128019.45
Fashion,2025-07-04,14496.95,6142516.4
Fashion,2025-07-05,22011.6,6164528.0
Fashion,2025-07-06,26992.0,6191520.0
Fashion,2025-07-08,40404.0,6231924.0
Fashion,2025-07-09,21963.45,6253887.45
Fashion,2025-07-10,41036.0,6294923.45
Fashion,2025-07-11,6112.8,6301036.25
Fashion,2025-07-12,13438.0,6314474.25
Fashion,2025-07-13,14076.4,6328550.65
Fashion,2025-07-14,21976.0,6350526.65
Fashion,2025-07-15,24766.7,6375293.35
Fashion,2025-07-16,21864.0,6397157.35
Fashion,2025-07-17,14963.6,6412120.95
Fashion,2025-07-18,46370.3,6458491.25
Fashion,2025-07-19,5769.0,6464260.25
Fashion,2025-07-20,2010.0,6466270.25
Fashion,2025-07-22,17700.75,6483971.0
Fashion,2025-07-23,11248.0,6495219.0
Fashion,2025-07-24,9577.8,6504796.8
Fashion,2025-07-25,27066.0,6531862.8
Fashion,2025-07-26,12337.2,6544200.0
Fashion,2025-07-27,30995.4,6575195.4
Fashion,2025-07-28,14234.6,6589430.0
Fashion,2025-07-30,27737.7,6617167.7
Fashion,2025-07-31,4020.0,6621187.7
Fashion,2025-08-01,28626.4,6649814.1
Fashion,2025-08-02,35778.6,6685592.7
Fashion,2025-08-04,31100.4,6716693.1
Fashion,2025-08-05,3919.7,6720612.8
Fashion,2025-08-06,7823.4,6728436.2
Fashion,2025-08-07,62176.0,6790612.2
Fashion,2025-08-08,15092.05,6805704.25
Fashion,2025-08-10,30650.2,6836354.45
Fashion,2025-08-11,7441.8,6843796.25
Fashion,2025-08-12,4345.0,6848141.25
Fashion,2025-08-14,30852.0,6878993.25
Fashion,2025-08-15,17004.6,6895997.85
Fashion,2025-08-16,4126.0,6900123.85
Fashion,2025-08-17,23633.15,6923757.0
Fashion,2025-08-18,42442.5,6966199.5
Fashion,2025-08-20,29212.0,6995411.5
Fashion,2025-08-21,24588.0,7019999.5
Fashion,2025-08-22,58815.8,7078815.3
Fashion,2025-08-24,35077.6,7113892.9
Fashion,2025-08-25,17380.0,7131272.9
Fashion,2025-08-27,19966.4,7151239.3
Fashion,2025-08-28,12069.6,7163308.9
Fashion,2025-08-29,2439.6,7165748.5
Fashion,2025-08-30,20276.8,7186025.3
Fashion,2025-08-31,20462.2,7206487.5
Fashion,2025-09-01,14691.2,7221178.7
Fashion,2025-09-02,6271.2,7227449.9
Fashion,2025-09-03,40909.85,7268359.75
Fashion,2025-09-05,23609.4,7291969.15
Fashion,2025-09-07,7232.0,7299201.15
Fashion,2025-09-08,8572.4,7307773.55
Fashion,2025-09-09,33683.0,7341456.55
Fashion,2025-09-10,33527.2,7374983.75
Fashion,2025-09-11,15610.4,7390594.15
Fashion,2025-09-12,30829.75,7421423.9
Fashion,2025-09-13,15036.1,7436460.0
Fashion,2025-09-14,14439.8,7450899.8
Fashion,2025-09-15,32591.2,7483491.0
Fashion,2025-09-16,9940.8,7493431.8
Fashion,2025-09-17,21944.2,7515376.0
Fashion,2025-09-18,24292.8,7539668.8
Fashion,2025-09-19,65577.0,7605245.8
Fashion,2025-09-20,11012.4,7616258.2
Fashion,2025-09-21,3910.5,7620168.7
Fashion,2025-09-22,12821.2,7632989.9
Fashion,2025-09-23,11803.8,7644793.7
Fashion,2025-09-24,43310.2,7688103.9
Fashion,2025-09-25,24667.8,7712771.7
Fashion,2025-09-26,6974.6,7719746.3
Fashion,2025-09-27,36620.4,7756366.7
Fashion,2025-09-28,2976.0,7759342.7
Fashion,2025-09-29,21998.3,7781341.0
Fashion,2025-09-30,6834.0,7788175.0
Fashion,2025-10-01,25941.6,7814116.6
Fashion,2025-10-02,32466.0,7846582.6
Fashion,2025-10-03,1742.0,7848324.6
Fashion,2025-10-04,22870.0,7871194.6
Fashion,2025-10-05,2616.0,7873810.6
Fashion,2025-10-06,16872.0,7890682.6
Fashion,2025-10-07,5952.0,7896634.6
Fashion,2025-10-08,4126.0,7900760.6
Fashion,2025-10-09,16834.35,7917594.95
Fashion,2025-10-11,4991.55,7922586.5
Fashion,2025-10-12,23161.0,7945747.5
Fashion,2025-10-13,71527.8,8017275.3
Fashion,2025-10-14,23791.9,8041067.2
Fashion,2025-10-15,44385.9,8085453.1
Fashion,2025-10-16,22606.0,8108059.1
Fashion,2025-10-17,26586.5,8134645.6
Fashion,2025-10-18,5360.0,8140005.6
Fashion,2025-10-19,20075.6,8160081.2
Fashion,2025-10-20,45062.8,8205144.0
Fashion,2025-10-22,2533.65,8207677.65
Fashion,2025-10-23,7338.0,8215015.65
Fashion,2025-10-24,9403.65,8224419.3
Fashion,2025-10-25,18822.6,8243241.9
Fashion,2025-10-26,9883.8,8253125.7
Fashion,2025-10-27,9248.9,8262374.6
Fashion,2025-10-29,48632.0,8311006.6
Fashion,2025-10-30,11636.6,8322643.2
Fashion,2025-10-31,5586.0,8328229.2
Fashion,2025-11-01,20654.0,8348883.2
Fashion,2025-11-02,19125.4,8368008.6
Fashion,2025-11-03,18027.6,8386036.2
Fashion,2025-11-04,11871.0,8397907.2
Fashion,2025-11-07,4020.0,8401927.2
Fashion,2025-11-08,46010.5,8447937.7
Fashion,2025-11-09,2223.6,8450161.3
Fashion,2025-11-10,26992.0,8477153.3
Fashion,2025-11-11,5059.2,8482212.5
Fashion,2025-11-12,6030.0,8488242.5
Fashion,2025-11-13,14464.0,8502706.5
Fashion,2025-11-14,20045.6,8522752.1
Fashion,2025-11-17,21942.75,8544694.85
Fashion,2025-11-18,15890.0,8560584.85
Fashion,2025-11-19,29852.8,8590437.65
Fashion,2025-11-21,17175.0,8607612.65
Fashion,2025-11-22,29136.9,8636749.55
Fashion,2025-11-23,21385.8,8658135.35
Fashion,2025-11-25,10197.0,8668332.35
Fashion,2025-11-26,27678.0,8696010.35
Fashion,2025-11-30,11867.7,8707878.05
Fashion,2025-12-01,8038.4,8715916.45
Fashion,2025-12-02,21887.7,8737804.15
Fashion,2025-12-03,6144.0,8743948.15
Fashion,2025-12-04,13035.0,8756983.15
Fashion,2025-12-05,28120.0,8785103.15
Fashion,2025-12-06,3693.25,8788796.4
Fashion,2025-12-07,10562.1,8799358.5
Fashion,2025-12-08,12004.0,8811362.5
Fashion,2025-12-09,7144.0,8818506.5
Fashion,2025-12-11,4824.0,8823330.5
Fashion,2025-12-12,16398.0,8839728.5
Fashion,2025-12-14,8690.0,8848418.5
Fashion,2025-12-15,23879.5,8872298.0
Fashion,2025-12-16,5770.0,8878068.0
Fashion,2025-12-17,13941.0,8892009.0
Fashion,2025-12-19,12995.4,8905004.4
Fashion,2025-12-20,21002.2,8926006.6
Fashion,2025-12-21,18236.6,8944243.2
Fashion,2025-12-22,16396.5,8960639.7
Fashion,2025-12-24,40042.4,9000682.1
Fashion,2025-12-25,5852.0,9006534.1
Fashion,2025-12-26,25039.1,9031573.2
Fashion,2025-12-27,14474.65,9046047.85
Fashion,2025-12-29,3484.0,9049531.85
Fashion,2025-12-31,12930.0,9062461.85
Fashion,2026-01-01,27063.8,9089525.65
Fashion,2026-01-03,6607.2,9096132.85
Fashion,2026-01-04,28793.2,9124926.05
Fashion,2026-01-05,13708.0,9138634.05
Fashion,2026-01-06,25531.0,9164165.05
Fashion,2026-01-09,11013.0,9175178.05
Fashion,2026-01-10,26243.8,9201421.85
Fashion,2026-01-11,1396.5,9202818.35
Fashion,2026-01-12,32410.0,9235228.35
Fashion,2026-01-15,17380.0,9252608.35
Fashion,2026-01-16,2133.6,9254741.95
Fashion,2026-01-17,27888.1,9282630.05
Fashion,2026-01-18,13797.0,9296427.05
Fashion,2026-01-20,15755.4,9312182.45
Fashion,2026-01-21,14563.5,9326745.95
Fashion,2026-01-22,8222.25,9334968.2
Fashion,2026-01-23,37720.8,9372689.0
Fashion,2026-01-24,5728.5,9378417.5
Fashion,2026-01-25,13017.6,9391435.1
Fashion,2026-01-26,11130.6,9402565.7
Fashion,2026-01-27,37098.0,9439663.7
Fashion,2026-01-29,2245.0,9441908.7
Fashion,2026-01-30,4345.0,9446253.7
Fashion,2026-01-31,27768.6,9474022.3
Fashion,2026-02-01,6719.6,9480741.9
Fashion,2026-02-03,17863.8,9498605.7
Fashion,2026-02-04,21302.7,9519908.4
Fashion,2026-02-05,22851.8,9542760.2
Fashion,2026-02-06,8964.0,9551724.2
Fashion,2026-02-08,4108.0,9555832.2
Fashion,2026-02-09,6466.0,9562298.2
Fashion,2026-02-11,39941.2,9602239.4
Fashion,2026-02-12,2940.0,9605179.4
Fashion,2026-02-13,27021.6,9632201.0
Fashion,2026-02-14,23195.2,9655396.2
Fashion,2026-02-15,4903.65,9660299.85
Fashion,2026-02-16,14083.7,9674383.55
Fashion,2026-02-17,13740.8,9688124.35
Fashion,2026-02-18,15494.95,9703619.3
Fashion,2026-02-19,77749.6,9781368.9
Fashion,2026-02-20,18122.0,9799490.9
Fashion,2026-02-21,4903.65,9804394.55
Fashion,2026-02-22,16796.7,9821191.25
Fashion,2026-02-23,11771.0,9832962.25
Fashion,2026-02-24,6469.2,9839431.45
Fashion,2026-02-25,1730.7,9841162.15
Fashion,2026-02-26,22215.0,9863377.15
Fashion,2026-02-27,33591.0,9896968.15
Fashion,2026-02-28,15143.2,9912111.35
Fashion,2026-03-01,2278.0,9914389.35
Fashion,2026-03-02,48988.0,9963377.35
Fashion,2026-03-03,21164.0,9984541.35
Fashion,2026-03-04,16069.0,10000610.35
Fashion,2026-03-05,15879.6,10016489.95
Fashion,2026-03-06,16605.9,10033095.85
Fashion,2026-03-10,14861.9,10047957.75
Fashion,2026-03-11,21420.2,10069377.95
Fashion,2026-03-12,35076.6,10104454.55
Fashion,2026-03-13,2918.4,10107372.95
Fashion,2026-03-14,4919.4,10112292.35
Fashion,2026-03-15,9104.8,10121397.15
Fashion,2026-03-16,42469.4,10163866.55
Fashion,2026-03-17,61846.8,10225713.35
Fashion,2026-03-18,2154.6,10227867.95
Fashion,2026-03-19,1137.15,10229005.1
Fashion,2026-03-20,49095.8,10278100.9
Fashion,2026-03-21,25354.0,10303454.9
Fashion,2026-03-22,1603.8,10305058.7
Fashion,2026-03-24,5136.0,10310194.7
Fashion,2026-03-25,23625.0,10333819.7
Fashion,2026-03-26,23121.9,10356941.6
Fashion,2026-03-27,22315.2,10379256.8
Fashion,2026-03-28,11970.0,10391226.8
Fashion,2026-03-30,11904.0,10403130.8
Fashion,2026-03-31,12324.0,10415454.8
Fashion,2026-04-01,15678.8,10431133.6
Fashion,2026-04-03,61025.0,10492158.6
Fashion,2026-04-04,11083.0,10503241.6
Fashion,2026-04-06,5466.0,10508707.6
Fashion,2026-04-08,26184.6,10534892.2
Fashion,2026-04-09,4879.2,10539771.4
Fashion,2026-04-10,19992.6,10559764.0
Fashion,2026-04-11,17038.6,10576802.6
Fashion,2026-04-12,22126.2,10598928.8
Fashion,2026-04-13,8375.7,10607304.5
Fashion,2026-04-14,23609.4,10630913.9
Fashion,2026-04-15,5427.0,10636340.9
Fashion,2026-04-16,50655.45,10686996.35
Fashion,2026-04-17,1340.0,10688336.35
Fashion,2026-04-18,19093.2,10707429.55
Fashion,2026-04-19,12834.15,10720263.7
Fashion,2026-04-20,7383.7,10727647.4
Fashion,2026-04-21,49307.0,10776954.4
Fashion,2026-04-23,40089.0,10817043.4
Fashion,2026-04-24,23646.0,10840689.4
Fashion,2026-04-25,12146.4,10852835.8
Fashion,2026-04-26,58604.4,10911440.2
Fashion,2026-04-27,11079.75,10922519.95
Fashion,2026-04-28,37199.1,10959719.05
Fashion,2026-04-29,7356.75,10967075.8
Fashion,2026-04-30,43815.2,11010891.0
Fashion,2026-05-01,27406.0,11038297.0
Fashion,2026-05-03,42782.8,11081079.8
Fashion,2026-05-04,2485.2,11083565.0
Fashion,2026-05-05,11881.8,11095446.8
Fashion,2026-05-06,4309.2,11099756.0
Fashion,2026-05-07,36166.5,11135922.5
Fashion,2026-05-08,15642.0,11151564.5
Fashion,2026-05-09,15907.4,11167471.9
Fashion,2026-05-11,16440.0,11183911.9
Fashion,2026-05-13,5480.55,11189392.45
Fashion,2026-05-14,63987.9,11253380.35
Fashion,2026-05-16,5334.0,11258714.35
Fashion,2026-05-17,5078.7,11263793.05
Fashion,2026-05-18,2596.5,11266389.55
Fashion,2026-05-21,12102.4,11278491.95
Fashion,2026-05-22,28387.0,11306878.95
Fashion,2026-05-23,28459.05,11335338.0
Fashion,2026-05-24,41000.8,11376338.8
Fashion,2026-05-25,13739.2,11390078.0
Fashion,2026-05-27,10642.0,11400720.0
Fashion,2026-05-28,31173.6,11431893.6
Fashion,2026-05-29,4580.0,11436473.6
Fashion,2026-05-31,6002.0,11442475.6
Fashion,2026-06-01,3001.0,11445476.6
Fashion,2026-06-02,15060.75,11460537.35
Fashion,2026-06-03,8928.0,11469465.35
Fashion,2026-06-04,4811.4,11474276.75
Fashion,2026-06-05,21836.75,11496113.5
Fashion,2026-06-08,13344.7,11509458.2
Fashion,2026-06-09,17491.2,11526949.4
Fashion,2026-06-10,6878.1,11533827.5
Fashion,2026-06-11,10123.2,11543950.7
Fashion,2026-06-12,15514.1,11559464.8
Fashion,2026-06-15,23926.8,11583391.6
Fashion,2026-06-16,10384.2,11593775.8
Fashion,2026-06-17,28114.2,11621890.0
Fashion,2026-06-18,56066.25,11677956.25
Fashion,2026-06-19,9045.7,11687001.95
Fashion,2026-06-21,27138.2,11714140.15
Fashion,2026-06-24,19803.7,11733943.85
Fashion,2026-06-25,26685.75,11760629.6
Fashion,2026-06-26,10438.6,11771068.2
Fashion,2026-06-27,27412.0,11798480.2
Fashion,2026-06-29,5346.0,11803826.2
Fashion,2026-06-30,38735.4,11842561.6
Fashion,2026-07-01,21725.0,11864286.6
Fashion,2026-07-02,58420.15,11922706.75
Fashion,2026-07-03,1249.5,11923956.25
Fashion,2026-07-04,35517.25,11959473.5
Fashion,2026-07-05,57884.2,12017357.7
Fashion,2026-07-06,5972.3,12023330.0
Fashion,2026-07-07,22789.0,12046119.0
Fashion,2026-07-08,16115.6,12062234.6
Fashion,2026-07-09,23268.8,12085503.4
Home & Kitchen,2024-07-08,29030.4,29030.4
Home & Kitchen,2024-07-09,36288.0,65318.4
Home & Kitchen,2024-07-10,46930.0,112248.4
Home & Kitchen,2024-07-13,54432.0,166680.4
Home & Kitchen,2024-07-14,75076.4,241756.8
Home & Kitchen,2024-07-16,33557.4,275314.2
Home & Kitchen,2024-07-17,2500.4,277814.6
Home & Kitchen,2024-07-18,59623.0,337437.6
Home & Kitchen,2024-07-23,35872.0,373309.6
Home & Kitchen,2024-07-26,23465.0,396774.6
Home & Kitchen,2024-08-01,16207.2,412981.8
Home & Kitchen,2024-08-04,21118.5,434100.3
Home & Kitchen,2024-08-08,32414.4,466514.7
Home & Kitchen,2024-08-13,54074.0,520588.7
Home & Kitchen,2024-08-23,26904.0,547492.7
Home & Kitchen,2024-08-24,9738.4,557231.1
Home & Kitchen,2024-08-29,64563.0,621794.1
Home & Kitchen,2024-09-01,36016.0,657810.1
Home & Kitchen,2024-09-04,54432.0,712242.1
Home & Kitchen,2024-09-06,18008.0,730250.1
Home & Kitchen,2024-09-07,74853.35,805103.45
Home & Kitchen,2024-09-09,147471.8,952575.25
Home & Kitchen,2024-09-10,9004.0,961579.25
Home & Kitchen,2024-09-13,8103.6,969682.85
Home & Kitchen,2024-09-18,63355.5,1033038.35
Home & Kitchen,2024-09-22,40889.9,1073928.25
Home & Kitchen,2024-09-24,24214.0,1098142.25
Home & Kitchen,2024-09-25,9004.0,1107146.25
Home & Kitchen,2024-10-16,7501.2,1114647.45
Home & Kitchen,2024-10-17,70005.0,1184652.45
Home & Kitchen,2024-10-20,26904.0,1211556.45
Home & Kitchen,2024-10-26,28951.2,1240507.65
Home & Kitchen,2024-11-03,32284.8,1272792.45
Home & Kitchen,2024-11-04,72576.0,1345368.45
Home & Kitchen,2024-11-05,86084.0,1431452.45
Home & Kitchen,2024-11-09,28697.6,1460150.05
Home & Kitchen,2024-11-15,23465.0,1483615.05
Home & Kitchen,2024-11-19,66875.25,1550490.3
Home & Kitchen,2024-11-27,24213.6,1574703.9
Home & Kitchen,2024-12-01,5000.8,1579704.7
Home & Kitchen,2024-12-03,4737.6,1584442.3
Home & Kitchen,2024-12-08,2632.0,1587074.3
Home & Kitchen,2024-12-12,23335.0,1610409.3
Home & Kitchen,2024-12-13,24191.0,1634600.3
Home & Kitchen,2024-12-17,27012.0,1661612.3
Home & Kitchen,2024-12-21,40889.9,1702502.2
Home & Kitchen,2024-12-29,12807.0,1715309.2
Home & Kitchen,2025-01-04,27037.0,1742346.2
Home & Kitchen,2025-01-14,52175.8,1794522.0
Home & Kitchen,2025-01-22,18008.0,1812530.0
Home & Kitchen,2025-01-23,28460.0,1840990.0
Home & Kitchen,2025-01-25,28536.0,1869526.0
Home & Kitchen,2025-01-29,18144.0,1887670.0
Home & Kitchen,2025-01-30,23465.0,1911135.0
Home & Kitchen,2025-02-01,65398.5,1976533.5
Home & Kitchen,2025-02-03,30613.6,2007147.1
Home & Kitchen,2025-02-07,72576.0,2079723.1
Home & Kitchen,2025-02-14,17107.6,2096830.7
Home & Kitchen,2025-02-17,68947.2,2165777.9
Home & Kitchen,2025-02-19,23335.0,2189112.9
Home & Kitchen,2025-02-20,22868.4,2211981.3
Home & Kitchen,2025-02-22,36288.0,2248269.3
Home & Kitchen,2025-02-24,66875.25,2315144.55
Home & Kitchen,2025-02-25,18008.0,2333152.55
Home & Kitchen,2025-02-26,74672.0,2407824.55
Home & Kitchen,2025-03-03,89167.0,2496991.55
Home & Kitchen,2025-03-06,34473.6,2531465.15
Home & Kitchen,2025-03-14,89946.0,2621411.15
Home & Kitchen,2025-03-15,8071.2,2629482.35
Home & Kitchen,2025-03-16,36585.7,2666068.05
Home & Kitchen,2025-03-17,14230.0,2680298.05
Home & Kitchen,2025-03-19,77475.6,2757773.65
Home & Kitchen,2025-03-23,42690.0,2800463.65
Home & Kitchen,2025-03-24,2500.4,2802964.05
Home & Kitchen,2025-03-26,72576.0,2875540.05
Home & Kitchen,2025-03-27,17936.0,2893476.05
Home & Kitchen,2025-03-30,26904.0,2920380.05
Home & Kitchen,2025-04-03,60081.2,2980461.25
Home & Kitchen,2025-04-04,72576.0,3053037.25
Home & Kitchen,2025-04-07,68877.0,3121914.25
Home & Kitchen,2025-04-11,15306.8,3137221.05
Home & Kitchen,2025-04-14,77475.6,3214696.65
Home & Kitchen,2025-04-22,48988.8,3263685.45
Home & Kitchen,2025-05-13,7106.4,3270791.85
Home & Kitchen,2025-05-17,56920.0,3327711.85
Home & Kitchen,2025-05-21,48988.8,3376700.65
Home & Kitchen,2025-05-27,61689.6,3438390.25
Home & Kitchen,2025-05-29,32284.8,3470675.05
Home & Kitchen,2025-05-30,88673.0,3559348.05
Home & Kitchen,2025-05-31,77475.6,3636823.65
Home & Kitchen,2025-06-03,23234.0,3660057.65
Home & Kitchen,2025-06-06,42003.0,3702060.65
Home & Kitchen,2025-06-07,46670.0,3748730.65
Home & Kitchen,2025-06-10,63355.5,3812086.15
Home & Kitchen,2025-06-12,23335.0,3835421.15
Home & Kitchen,2025-06-17,14230.0,3849651.15
Home & Kitchen,2025-06-20,38737.8,3888388.95
Home & Kitchen,2025-06-23,63004.5,3951393.45
Home & Kitchen,2025-06-24,2237.2,3953630.65
Home & Kitchen,2025-07-03,80046.0,4033676.65
Home & Kitchen,2025-07-09,17807.8,4051484.45
Home & Kitchen,2025-07-12,52273.9,4103758.35
Home & Kitchen,2025-07-17,25661.4,4129419.75
Home & Kitchen,2025-07-18,43042.0,4172461.75
Home & Kitchen,2025-07-23,18144.0,4190605.75
Home & Kitchen,2025-07-28,136550.4,4327156.15
Home & Kitchen,2025-07-29,27012.0,4354168.15
Home & Kitchen,2025-08-07,22291.75,4376459.9
Home & Kitchen,2025-08-10,6711.6,4383171.5
Home & Kitchen,2025-08-12,64563.0,4447734.5
Home & Kitchen,2025-08-16,79339.0,4527073.5
Home & Kitchen,2025-08-17,18144.0,4545217.5
Home & Kitchen,2025-08-25,96492.0,4641709.5
Home & Kitchen,2025-08-28,14230.0,4655939.5
Home & Kitchen,2025-08-29,74672.0,4730611.5
Home & Kitchen,2025-08-30,54018.8,4784630.3
Home & Kitchen,2025-09-01,5264.0,4789894.3
Home & Kitchen,2025-09-03,2237.2,4792131.5
Home & Kitchen,2025-09-05,43042.0,4835173.5
Home & Kitchen,2025-09-10,7203.2,4842376.7
Home & Kitchen,2025-09-11,54432.0,4896808.7
Home & Kitchen,2025-09-12,93340.0,4990148.7
Home & Kitchen,2025-09-15,22291.75,5012440.45
Home & Kitchen,2025-09-17,21118.5,5033558.95
Home & Kitchen,2025-09-20,14230.0,5047788.95
Home & Kitchen,2025-09-22,17936.0,5065724.95
Home & Kitchen,2025-09-24,84006.0,5149730.95
Home & Kitchen,2025-09-26,93860.0,5243590.95
Home & Kitchen,2025-09-27,7896.0,5251486.95
Home & Kitchen,2025-09-29,36288.0,5287774.95
Home & Kitchen,2025-10-01,36288.0,5324062.95
Home & Kitchen,2025-10-02,73214.4,5397277.35
Home & Kitchen,2025-10-04,25614.0,5422891.35
Home & Kitchen,2025-10-13,61486.0,5484377.35
Home & Kitchen,2025-10-16,93860.0,5578237.35
Home & Kitchen,2025-10-20,24310.8,5602548.15
Home & Kitchen,2025-11-01,22291.75,5624839.9
Home & Kitchen,2025-11-03,135451.95,5760291.85
Home & Kitchen,2025-11-06,59835.75,5820127.6
Home & Kitchen,2025-11-13,75132.6,5895260.2
Home & Kitchen,2025-11-18,17236.8,5912497.0
Home & Kitchen,2025-11-26,110379.2,6022876.2
Home & Kitchen,2025-11-27,21521.0,6044397.2
Home & Kitchen,2025-11-30,8968.0,6053365.2
Home & Kitchen,2025-12-01,34152.0,6087517.2
Home & Kitchen,2025-12-06,72008.5,6159525.7
Home & Kitchen,2025-12-09,26455.6,6185981.3
Home & Kitchen,2025-12-14,44336.5,6230317.8
Home & Kitchen,2025-12-21,30844.8,6261162.6
Home & Kitchen,2025-12-22,22291.75,6283454.35
Home & Kitchen,2025-12-26,7106.4,6290560.75
Home & Kitchen,2025-12-29,79339.0,6369899.75
Home & Kitchen,2026-01-01,4737.6,6374637.35
Home & Kitchen,2026-01-03,73171.4,6447808.75
Home & Kitchen,2026-01-12,9475.2,6457283.95
Home & Kitchen,2026-01-13,54074.0,6511357.95
Home & Kitchen,2026-01-14,38737.8,6550095.75
Home & Kitchen,2026-01-18,72576.0,6622671.75
Home & Kitchen,2026-01-19,12807.0,6635478.75
Home & Kitchen,2026-01-28,7501.2,6642979.95
Home & Kitchen,2026-01-30,68867.2,6711847.15
Home & Kitchen,2026-02-03,105452.9,6817300.05
Home & Kitchen,2026-02-12,36016.0,6853316.05
Home & Kitchen,2026-02-16,95376.25,6948692.3
Home & Kitchen,2026-02-18,70395.0,7019087.3
Home & Kitchen,2026-02-20,89167.0,7108254.3
Home & Kitchen,2026-03-04,44336.5,7152590.8
Home & Kitchen,2026-03-12,23408.0,7175998.8
Home & Kitchen,2026-03-17,35872.0,7211870.8
Home & Kitchen,2026-03-18,54432.0,7266302.8
Home & Kitchen,2026-03-22,26904.0,7293206.8
Home & Kitchen,2026-03-27,35872.0,7329078.8
Home & Kitchen,2026-03-28,14230.0,7343308.8
Home & Kitchen,2026-03-29,16207.2,7359516.0
Home & Kitchen,2026-04-04,21521.0,7381037.0
Home & Kitchen,2026-04-06,8071.2,7389108.2
Home & Kitchen,2026-04-11,36288.0,7425396.2
Home & Kitchen,2026-04-13,66875.25,7492271.45
Home & Kitchen,2026-04-14,59477.0,7551748.45
Home & Kitchen,2026-04-18,93340.0,7645088.45
Home & Kitchen,2026-04-20,77585.5,7722673.95
Home & Kitchen,2026-05-01,23465.0,7746138.95
Home & Kitchen,2026-05-03,83082.45,7829221.4
Home & Kitchen,2026-05-09,30844.8,7860066.2
Home & Kitchen,2026-05-11,38588.95,7898655.15
Home & Kitchen,2026-05-13,112398.0,8011053.15
Home & Kitchen,2026-05-18,72160.0,8083213.15
Home & Kitchen,2026-05-20,112695.0,8195908.15
Home & Kitchen,2026-05-24,51710.4,8247618.55
Home & Kitchen,2026-05-27,34152.0,8281770.55
Home & Kitchen,2026-05-29,18772.0,8300542.55
Home & Kitchen,2026-06-02,38421.0,8338963.55
Home & Kitchen,2026-06-04,9004.0,8347967.55
Home & Kitchen,2026-06-08,18144.0,8366111.55
Home & Kitchen,2026-06-13,72634.2,8438745.75
Home & Kitchen,2026-06-24,93340.0,8532085.75
Home & Kitchen,2026-06-28,40420.8,8572506.55
Home & Kitchen,2026-07-01,130230.75,8702737.3
Home & Kitchen,2026-07-07,87559.9,8790297.2
Home & Kitchen,2026-07-09,26904.0,8817201.2
